month,reviewed_at,review_id,creator_id,platform,fields,code,original_values,decision,manual_value,final_value,final_source,reviewer,note
2026-07,2026-10-01 05:17:32,Q00003,CR01215,instagram,identity,IDENTITY_MATCH_UNCERTAIN,"{""vendor_a"": ""creator1215_instagram"", ""vendor_c"": ""creator795_instagram""}",SELECT_VENDOR_A,,@creator1215_instagram,vendor_a,Simulated reviewer,checked against the platform (sample answer key)
2026-07,2026-10-01 05:17:32,Q00004,CR00828,youtube,identity,IDENTITY_MATCH_UNCERTAIN,"{""vendor_a"": ""creator828_youtube"", ""vendor_c"": ""creator261_youtube""}",SELECT_VENDOR_A,,@creator828_youtube,vendor_a,Simulated reviewer,checked against the platform (sample answer key)
2026-07,2026-10-01 05:17:32,Q00008,CR01156,tiktok,identity,IDENTITY_MATCH_UNCERTAIN,"{""vendor_b"": ""creator1156_tiktok"", ""vendor_c"": ""creator544_tiktok""}",SELECT_VENDOR_B,,@creator1156_tiktok,vendor_b,Simulated reviewer,checked against the platform (sample answer key)
2026-07,2026-10-01 05:17:32,Q00009,CR01013,instagram,identity,IDENTITY_MATCH_UNCERTAIN,"{""vendor_b"": ""creator801_instagram"", ""vendor_c"": ""creator1013_instagram""}",SELECT_VENDOR_C,,@creator1013_instagram,vendor_c,Simulated reviewer,checked against the platform (sample answer key)
2026-07,2026-10-01 05:17:32,Q00010,CR01406,youtube,identity,IDENTITY_MATCH_UNCERTAIN,"{""vendor_b"": ""creator567_youtube"", ""vendor_c"": ""creator1406_youtube""}",SELECT_VENDOR_C,,@creator1406_youtube,vendor_c,Simulated reviewer,checked against the platform (sample answer key)
2026-07,2026-10-01 05:17:32,Q00011,CR01017,instagram,identity,IDENTITY_MATCH_UNCERTAIN,"{""vendor_b"": ""creator1017_instagram"", ""vendor_c"": ""creator1194_instagram""}",SELECT_VENDOR_B,,@creator1017_instagram,vendor_b,Simulated reviewer,checked against the platform (sample answer key)
2026-07,2026-10-01 05:17:32,Q00012,CR00050,youtube,"follower_count, reach_rate, growth_rate",CROSS_VENDOR_DISCREPANCY,"{""vendor_a"": 479009.0, ""vendor_b"": 302200.0}",SELECT_VENDOR_B,,302200.0,vendor_b,Simulated reviewer,checked against the platform (sample answer key)
2026-07,2026-10-01 05:17:32,Q00013,CR00125,youtube,"follower_count, reach_rate, growth_rate",CROSS_VENDOR_DISCREPANCY,"{""vendor_a"": 189505.0, ""vendor_b"": 103840.0}",SELECT_VENDOR_A,,189505.0,vendor_a,Simulated reviewer,checked against the platform (sample answer key)
2026-07,2026-10-01 05:17:32,Q00014,CR00345,tiktok,"follower_count, reach_rate, growth_rate",CROSS_VENDOR_DISCREPANCY,"{""vendor_a"": 30241.0, ""vendor_b"": 52420.0}",SELECT_VENDOR_A,,30241.0,vendor_a,Simulated reviewer,checked against the platform (sample answer key)
2026-07,2026-10-01 05:17:32,Q00015,CR00352,tiktok,"follower_count, reach_rate, growth_rate",CROSS_VENDOR_DISCREPANCY,"{""vendor_a"": 16444.0, ""vendor_b"": 27230.0}",SELECT_VENDOR_B,,27230.0,vendor_b,Simulated reviewer,checked against the platform (sample answer key)
2026-07,2026-10-01 05:17:32,Q00017,CR00395,instagram,"follower_count, reach_rate, growth_rate",CROSS_VENDOR_DISCREPANCY,"{""vendor_b"": 55190.0, ""vendor_c"": 90159.0}",SELECT_VENDOR_B,,55190.0,vendor_b,Simulated reviewer,checked against the platform (sample answer key)
2026-07,2026-10-01 05:17:32,Q00018,CR00422,youtube,"follower_count, reach_rate, growth_rate",CROSS_VENDOR_DISCREPANCY,"{""vendor_a"": 2262.0, ""vendor_b"": 3670.0}",SELECT_VENDOR_B,,3670.0,vendor_b,Simulated reviewer,checked against the platform (sample answer key)
2026-07,2026-10-01 05:17:32,Q00019,CR00423,youtube,"follower_count, reach_rate, growth_rate",CROSS_VENDOR_DISCREPANCY,"{""vendor_a"": 36207.0, ""vendor_b"": 18390.0}",SELECT_VENDOR_A,,36207.0,vendor_a,Simulated reviewer,checked against the platform (sample answer key)
2026-07,2026-10-01 05:17:32,Q00020,CR00465,youtube,"follower_count, reach_rate, growth_rate",CROSS_VENDOR_DISCREPANCY,"{""vendor_a"": 9045.0, ""vendor_b"": 5640.0}",SELECT_VENDOR_A,,9045.0,vendor_a,Simulated reviewer,checked against the platform (sample answer key)
2026-07,2026-10-01 05:17:32,Q00021,CR00574,instagram,"follower_count, reach_rate, growth_rate",CROSS_VENDOR_DISCREPANCY,"{""vendor_a"": 6781.0, ""vendor_b"": 11770.0}",SELECT_VENDOR_A,,6781.0,vendor_a,Simulated reviewer,checked against the platform (sample answer key)
2026-07,2026-10-01 05:17:32,Q00022,CR00687,instagram,"follower_count, reach_rate, growth_rate",CROSS_VENDOR_DISCREPANCY,"{""vendor_a"": 204006.0, ""vendor_b"": 124040.0}",SELECT_VENDOR_B,,124040.0,vendor_b,Simulated reviewer,checked against the platform (sample answer key)
2026-07,2026-10-01 05:17:32,Q00025,CR00843,tiktok,"follower_count, reach_rate, growth_rate",CROSS_VENDOR_DISCREPANCY,"{""vendor_b"": 137430.0, ""vendor_c"": 68873.0}",SELECT_VENDOR_B,,137430.0,vendor_b,Simulated reviewer,checked against the platform (sample answer key)
2026-07,2026-10-01 05:17:32,Q00026,CR00847,youtube,"follower_count, reach_rate, growth_rate",CROSS_VENDOR_DISCREPANCY,"{""vendor_a"": 116339.0, ""vendor_b"": 188440.0}",SELECT_VENDOR_B,,188440.0,vendor_b,Simulated reviewer,checked against the platform (sample answer key)
2026-07,2026-10-01 05:17:32,Q00027,CR00926,instagram,"follower_count, reach_rate, growth_rate",CROSS_VENDOR_DISCREPANCY,"{""vendor_b"": 42830.0, ""vendor_c"": 25961.0}",SELECT_VENDOR_B,,42830.0,vendor_b,Simulated reviewer,checked against the platform (sample answer key)
2026-07,2026-10-01 05:17:32,Q00028,CR00940,youtube,"follower_count, reach_rate, growth_rate",CROSS_VENDOR_DISCREPANCY,"{""vendor_a"": 12815.0, ""vendor_c"": 20989.0}",SELECT_VENDOR_C,,20989.0,vendor_c,Simulated reviewer,checked against the platform (sample answer key)
2026-07,2026-10-01 05:17:32,Q00030,CR01130,tiktok,"follower_count, reach_rate, growth_rate",CROSS_VENDOR_DISCREPANCY,"{""vendor_a"": 138265.0, ""vendor_b"": 236300.0}",SELECT_VENDOR_B,,236300.0,vendor_b,Simulated reviewer,checked against the platform (sample answer key)
2026-07,2026-10-01 05:17:32,Q00031,CR01147,instagram,"follower_count, reach_rate, growth_rate",CROSS_VENDOR_DISCREPANCY,"{""vendor_b"": 141360.0, ""vendor_c"": 206655.0}",SELECT_VENDOR_B,,141360.0,vendor_b,Simulated reviewer,checked against the platform (sample answer key)
2026-07,2026-10-01 05:17:32,Q00032,CR01240,tiktok,"follower_count, reach_rate, growth_rate",CROSS_VENDOR_DISCREPANCY,"{""vendor_a"": 7603.0, ""vendor_c"": 13299.0}",SELECT_VENDOR_A,,7603.0,vendor_a,Simulated reviewer,checked against the platform (sample answer key)
2026-07,2026-10-01 05:17:32,Q00033,CR01462,youtube,"follower_count, reach_rate, growth_rate",CROSS_VENDOR_DISCREPANCY,"{""vendor_a"": 7007.0, ""vendor_b"": 4470.0}",SELECT_VENDOR_A,,7007.0,vendor_a,Simulated reviewer,checked against the platform (sample answer key)
2026-07,2026-10-01 05:17:32,Q00034,CR01495,tiktok,"follower_count, reach_rate, growth_rate",CROSS_VENDOR_DISCREPANCY,"{""vendor_b"": 53430.0, ""vendor_c"": 93001.0}",SELECT_VENDOR_C,,93001.0,vendor_c,Simulated reviewer,checked against the platform (sample answer key)
2026-08,2026-10-01 05:17:44,Q00002,CR00407,youtube,identity,IDENTITY_MATCH_UNCERTAIN,"{""vendor_c"": ""creator407_youtube"", ""vendor_b"": ""creator327_youtube""}",SELECT_VENDOR_C,,@creator407_youtube,vendor_c,Simulated reviewer,checked against the platform (sample answer key)
2026-08,2026-10-01 05:17:44,Q00003,CR01103,instagram,identity,IDENTITY_MATCH_UNCERTAIN,"{""vendor_c"": ""creator1248_instagram"", ""vendor_b"": ""creator1103_instagram""}",SELECT_VENDOR_B,,@creator1103_instagram,vendor_b,Simulated reviewer,checked against the platform (sample answer key)
2026-08,2026-10-01 05:17:44,Q00004,CR01127,youtube,identity,IDENTITY_MATCH_UNCERTAIN,"{""vendor_c"": ""creator1262_youtube"", ""vendor_a"": ""creator1127_youtube""}",SELECT_VENDOR_A,,@creator1127_youtube,vendor_a,Simulated reviewer,checked against the platform (sample answer key)
2026-08,2026-10-01 05:17:44,Q00005,CR01484,tiktok,identity,IDENTITY_MATCH_UNCERTAIN,"{""vendor_c"": ""creator1484_tiktok"", ""vendor_b"": ""creator606_tiktok""}",SELECT_VENDOR_C,,@creator1484_tiktok,vendor_c,Simulated reviewer,checked against the platform (sample answer key)
2026-08,2026-10-01 05:17:44,Q00007,CR00322,youtube,identity,IDENTITY_MATCH_UNCERTAIN,"{""vendor_c"": ""creator243_youtube"", ""vendor_a"": ""creator322_youtube""}",SELECT_VENDOR_A,,@creator322_youtube,vendor_a,Simulated reviewer,checked against the platform (sample answer key)
2026-08,2026-10-01 05:17:44,Q00008,CR00811,instagram,identity,IDENTITY_MATCH_UNCERTAIN,"{""vendor_c"": ""creator1307_instagram"", ""vendor_b"": ""creator811_instagram""}",SELECT_VENDOR_B,,@creator811_instagram,vendor_b,Simulated reviewer,checked against the platform (sample answer key)
2026-08,2026-10-01 05:17:44,Q00011,CR00393,instagram,identity,IDENTITY_MATCH_UNCERTAIN,"{""vendor_c"": ""creator194_instagram"", ""vendor_b"": ""creator393_instagram""}",SELECT_VENDOR_B,,@creator393_instagram,vendor_b,Simulated reviewer,checked against the platform (sample answer key)
2026-08,2026-10-01 05:17:44,Q00012,CR01193,tiktok,identity,IDENTITY_MATCH_UNCERTAIN,"{""vendor_a"": ""creator1193_tiktok"", ""vendor_b"": ""creator99_tiktok""}",SELECT_VENDOR_A,,@creator1193_tiktok,vendor_a,Simulated reviewer,checked against the platform (sample answer key)
2026-08,2026-10-01 05:17:44,Q00013,CR00047,instagram,"follower_count, reach_rate, growth_rate",CROSS_VENDOR_DISCREPANCY,"{""vendor_c"": 296963.0, ""vendor_b"": 196210.0}",SELECT_VENDOR_C,,296963.0,vendor_c,Simulated reviewer,checked against the platform (sample answer key)
2026-08,2026-10-01 05:17:44,Q00014,CR00048,tiktok,"follower_count, reach_rate, growth_rate",CROSS_VENDOR_DISCREPANCY,"{""vendor_a"": 28401.0, ""vendor_b"": 16450.0}",SELECT_VENDOR_A,,28401.0,vendor_a,Simulated reviewer,checked against the platform (sample answer key)
2026-08,2026-10-01 05:17:44,Q00015,CR00162,tiktok,"follower_count, reach_rate, growth_rate",CROSS_VENDOR_DISCREPANCY,"{""vendor_c"": 159653.0, ""vendor_b"": 295980.0}",SELECT_VENDOR_C,,159653.0,vendor_c,Simulated reviewer,checked against the platform (sample answer key)
2026-08,2026-10-01 05:17:44,Q00017,CR00254,instagram,"follower_count, reach_rate, growth_rate",CROSS_VENDOR_DISCREPANCY,"{""vendor_c"": 17016.0, ""vendor_a"": 10351.0}",SELECT_VENDOR_C,,17016.0,vendor_c,Simulated reviewer,checked against the platform (sample answer key)
2026-08,2026-10-01 05:17:44,Q00020,CR00386,tiktok,"follower_count, reach_rate, growth_rate",CROSS_VENDOR_DISCREPANCY,"{""vendor_c"": 46769.0, ""vendor_b"": 27980.0}",SELECT_VENDOR_B,,27980.0,vendor_b,Simulated reviewer,checked against the platform (sample answer key)
2026-08,2026-10-01 05:17:44,Q00021,CR00438,instagram,"follower_count, reach_rate, growth_rate",CROSS_VENDOR_DISCREPANCY,"{""vendor_c"": 5306.0, ""vendor_b"": 10520.0}",SELECT_VENDOR_B,,10520.0,vendor_b,Simulated reviewer,checked against the platform (sample answer key)
2026-08,2026-10-01 05:17:44,Q00022,CR00463,tiktok,"follower_count, reach_rate, growth_rate",CROSS_VENDOR_DISCREPANCY,"{""vendor_c"": 14812.0, ""vendor_b"": 7710.0}",SELECT_VENDOR_C,,14812.0,vendor_c,Simulated reviewer,checked against the platform (sample answer key)
2026-08,2026-10-01 05:17:44,Q00025,CR00582,tiktok,"follower_count, reach_rate, growth_rate",CROSS_VENDOR_DISCREPANCY,"{""vendor_a"": 19368.0, ""vendor_b"": 11420.0}",SELECT_VENDOR_A,,19368.0,vendor_a,Simulated reviewer,checked against the platform (sample answer key)
2026-08,2026-10-01 05:17:44,Q00026,CR00610,youtube,"follower_count, reach_rate, growth_rate",CROSS_VENDOR_DISCREPANCY,"{""vendor_c"": 31396.0, ""vendor_a"": 55938.0}",SELECT_VENDOR_C,,31396.0,vendor_c,Simulated reviewer,checked against the platform (sample answer key)
2026-08,2026-10-01 05:17:44,Q00028,CR00638,tiktok,"follower_count, reach_rate, growth_rate",CROSS_VENDOR_DISCREPANCY,"{""vendor_c"": 9417.0, ""vendor_b"": 15800.0}",SELECT_VENDOR_B,,15800.0,vendor_b,Simulated reviewer,checked against the platform (sample answer key)
2026-08,2026-10-01 05:17:44,Q00030,CR00819,youtube,"follower_count, reach_rate, growth_rate",CROSS_VENDOR_DISCREPANCY,"{""vendor_a"": 44614.0, ""vendor_b"": 77380.0}",SELECT_VENDOR_B,,77380.0,vendor_b,Simulated reviewer,checked against the platform (sample answer key)
2026-08,2026-10-01 05:17:44,Q00031,CR00855,tiktok,"follower_count, reach_rate, growth_rate",CROSS_VENDOR_DISCREPANCY,"{""vendor_c"": 820317.0, ""vendor_b"": 422370.0}",SELECT_VENDOR_B,,422370.0,vendor_b,Simulated reviewer,checked against the platform (sample answer key)
2026-08,2026-10-01 05:17:44,Q00034,CR01039,youtube,"follower_count, reach_rate, growth_rate",CROSS_VENDOR_DISCREPANCY,"{""vendor_c"": 3382.0, ""vendor_a"": 5017.0}",SELECT_VENDOR_C,,3382.0,vendor_c,Simulated reviewer,checked against the platform (sample answer key)
2026-08,2026-10-01 05:17:44,Q00035,CR01051,youtube,"follower_count, reach_rate, growth_rate",CROSS_VENDOR_DISCREPANCY,"{""vendor_c"": 1892156.0, ""vendor_a"": 995565.0}",SELECT_VENDOR_A,,995565.0,vendor_a,Simulated reviewer,checked against the platform (sample answer key)
2026-08,2026-10-01 05:17:44,Q00036,CR01101,instagram,"follower_count, reach_rate, growth_rate",CROSS_VENDOR_DISCREPANCY,"{""vendor_c"": 3604745.0, ""vendor_b"": 2208170.0}",SELECT_VENDOR_C,,3604745.0,vendor_c,Simulated reviewer,checked against the platform (sample answer key)
2026-08,2026-10-01 05:17:44,Q00037,CR01205,instagram,"follower_count, reach_rate, growth_rate",CROSS_VENDOR_DISCREPANCY,"{""vendor_c"": 47424.0, ""vendor_b"": 27550.0}",SELECT_VENDOR_B,,27550.0,vendor_b,Simulated reviewer,checked against the platform (sample answer key)
2026-08,2026-10-01 05:17:44,Q00038,CR01222,tiktok,"follower_count, reach_rate, growth_rate",CROSS_VENDOR_DISCREPANCY,"{""vendor_c"": 17565.0, ""vendor_b"": 29540.0}",SELECT_VENDOR_C,,17565.0,vendor_c,Simulated reviewer,checked against the platform (sample answer key)
2026-08,2026-10-01 05:17:44,Q00039,CR01240,instagram,"follower_count, reach_rate, growth_rate",CROSS_VENDOR_DISCREPANCY,"{""vendor_a"": 49575.0, ""vendor_b"": 88970.0}",SELECT_VENDOR_A,,49575.0,vendor_a,Simulated reviewer,checked against the platform (sample answer key)
2026-08,2026-10-01 05:17:44,Q00040,CR01295,tiktok,"follower_count, reach_rate, growth_rate",CROSS_VENDOR_DISCREPANCY,"{""vendor_c"": 11610.0, ""vendor_b"": 20640.0}",SELECT_VENDOR_B,,20640.0,vendor_b,Simulated reviewer,checked against the platform (sample answer key)
2026-08,2026-10-01 05:17:44,Q00041,CR01327,youtube,"follower_count, reach_rate, growth_rate",CROSS_VENDOR_DISCREPANCY,"{""vendor_a"": 51228.0, ""vendor_b"": 30350.0}",SELECT_VENDOR_A,,51228.0,vendor_a,Simulated reviewer,checked against the platform (sample answer key)
2026-08,2026-10-01 05:17:44,Q00042,CR01367,instagram,"follower_count, reach_rate, growth_rate",CROSS_VENDOR_DISCREPANCY,"{""vendor_c"": 133670.0, ""vendor_b"": 74520.0}",SELECT_VENDOR_B,,74520.0,vendor_b,Simulated reviewer,checked against the platform (sample answer key)
2026-08,2026-10-01 05:17:44,Q00043,CR01408,instagram,"follower_count, reach_rate, growth_rate",CROSS_VENDOR_DISCREPANCY,"{""vendor_a"": 12340.0, ""vendor_b"": 23320.0}",SELECT_VENDOR_A,,12340.0,vendor_a,Simulated reviewer,checked against the platform (sample answer key)
2026-08,2026-10-01 05:17:44,Q00044,CR01438,youtube,"follower_count, reach_rate, growth_rate",CROSS_VENDOR_DISCREPANCY,"{""vendor_a"": 16177.0, ""vendor_b"": 28400.0}",SELECT_VENDOR_B,,28400.0,vendor_b,Simulated reviewer,checked against the platform (sample answer key)
2026-09,2026-10-01 05:17:59,Q00001,CR01088,instagram,identity,IDENTITY_MATCH_UNCERTAIN,"{""vendor_c"": ""creator808_instagram"", ""vendor_a"": ""creator1088_instagram""}",SELECT_VENDOR_A,,@creator1088_instagram,vendor_a,Simulated reviewer,checked against the platform (sample answer key)
2026-09,2026-10-01 05:17:59,Q00002,CR00785,instagram,identity,IDENTITY_MATCH_UNCERTAIN,"{""vendor_c"": ""creator1004_instagram"", ""vendor_b"": ""creator785_instagram""}",SELECT_VENDOR_B,,@creator785_instagram,vendor_b,Simulated reviewer,checked against the platform (sample answer key)
2026-09,2026-10-01 05:17:59,Q00003,CR00345,instagram,identity,IDENTITY_MATCH_UNCERTAIN,"{""vendor_c"": ""creator212_instagram"", ""vendor_b"": ""creator345_instagram""}",SELECT_VENDOR_B,,@creator345_instagram,vendor_b,Simulated reviewer,checked against the platform (sample answer key)
2026-09,2026-10-01 05:17:59,Q00004,CR01201,instagram,identity,IDENTITY_MATCH_UNCERTAIN,"{""vendor_c"": ""creator405_instagram"", ""vendor_b"": ""creator1201_instagram""}",SELECT_VENDOR_B,,@creator1201_instagram,vendor_b,Simulated reviewer,checked against the platform (sample answer key)
2026-09,2026-10-01 05:17:59,Q00007,CR00686,instagram,identity,IDENTITY_MATCH_UNCERTAIN,"{""vendor_c"": ""creator686_instagram"", ""vendor_b"": ""creator151_instagram""}",SELECT_VENDOR_C,,@creator686_instagram,vendor_c,Simulated reviewer,checked against the platform (sample answer key)
2026-09,2026-10-01 05:17:59,Q00009,CR00452,instagram,identity,IDENTITY_MATCH_UNCERTAIN,"{""vendor_c"": ""creator452_instagram"", ""vendor_b"": ""creator622_instagram""}",SELECT_VENDOR_C,,@creator452_instagram,vendor_c,Simulated reviewer,checked against the platform (sample answer key)
2026-09,2026-10-01 05:17:59,Q00011,CR00449,tiktok,identity,IDENTITY_MATCH_UNCERTAIN,"{""vendor_c"": ""creator954_tiktok"", ""vendor_b"": ""creator449_tiktok""}",SELECT_VENDOR_B,,@creator449_tiktok,vendor_b,Simulated reviewer,checked against the platform (sample answer key)
2026-09,2026-10-01 05:17:59,Q00015,CR00257,tiktok,identity,IDENTITY_MATCH_UNCERTAIN,"{""vendor_c"": ""creator821_tiktok"", ""vendor_b"": ""creator257_tiktok""}",SELECT_VENDOR_B,,@creator257_tiktok,vendor_b,Simulated reviewer,checked against the platform (sample answer key)
2026-09,2026-10-01 05:17:59,Q00016,CR00566,youtube,identity,IDENTITY_MATCH_UNCERTAIN,"{""vendor_c"": ""creator1160_youtube"", ""vendor_a"": ""creator566_youtube""}",SELECT_VENDOR_A,,@creator566_youtube,vendor_a,Simulated reviewer,checked against the platform (sample answer key)
2026-09,2026-10-01 05:17:59,Q00017,CR00279,youtube,identity,IDENTITY_MATCH_UNCERTAIN,"{""vendor_a"": ""creator279_youtube"", ""vendor_b"": ""creator78_youtube""}",SELECT_VENDOR_A,,@creator279_youtube,vendor_a,Simulated reviewer,checked against the platform (sample answer key)
2026-09,2026-10-01 05:17:59,Q00018,CR00620,tiktok,identity,IDENTITY_MATCH_UNCERTAIN,"{""vendor_a"": ""creator620_tiktok"", ""vendor_b"": ""creator359_tiktok""}",SELECT_VENDOR_A,,@creator620_tiktok,vendor_a,Simulated reviewer,checked against the platform (sample answer key)
2026-09,2026-10-01 05:17:59,Q00019,CR00009,instagram,"follower_count, reach_rate, growth_rate",CROSS_VENDOR_DISCREPANCY,"{""vendor_c"": 68852.0, ""vendor_a"": 106589.0}",SELECT_VENDOR_A,,106589.0,vendor_a,Simulated reviewer,checked against the platform (sample answer key)
2026-09,2026-10-01 05:17:59,Q00022,CR00404,tiktok,"follower_count, reach_rate, growth_rate",CROSS_VENDOR_DISCREPANCY,"{""vendor_c"": 301588.0, ""vendor_b"": 176290.0}",SELECT_VENDOR_C,,301588.0,vendor_c,Simulated reviewer,checked against the platform (sample answer key)
2026-09,2026-10-01 05:17:59,Q00023,CR00781,tiktok,"follower_count, reach_rate, growth_rate",CROSS_VENDOR_DISCREPANCY,"{""vendor_c"": 136886.0, ""vendor_b"": 81530.0}",SELECT_VENDOR_C,,136886.0,vendor_c,Simulated reviewer,checked against the platform (sample answer key)
2026-09,2026-10-01 05:17:59,Q00024,CR00822,youtube,"follower_count, reach_rate, growth_rate",CROSS_VENDOR_DISCREPANCY,"{""vendor_a"": 850.0, ""vendor_b"": 1300.0}",SELECT_VENDOR_A,,850.0,vendor_a,Simulated reviewer,checked against the platform (sample answer key)
2026-09,2026-10-01 05:17:59,Q00026,CR01017,youtube,"follower_count, reach_rate, growth_rate",CROSS_VENDOR_DISCREPANCY,"{""vendor_a"": 128283.0, ""vendor_b"": 218400.0}",SELECT_VENDOR_B,,218400.0,vendor_b,Simulated reviewer,checked against the platform (sample answer key)
2026-09,2026-10-01 05:17:59,Q00027,CR01054,youtube,"follower_count, reach_rate, growth_rate",CROSS_VENDOR_DISCREPANCY,"{""vendor_c"": 177088.0, ""vendor_a"": 95257.0}",SELECT_VENDOR_A,,95257.0,vendor_a,Simulated reviewer,checked against the platform (sample answer key)
2026-09,2026-10-01 05:17:59,Q00030,CR01199,instagram,"follower_count, reach_rate, growth_rate",CROSS_VENDOR_DISCREPANCY,"{""vendor_a"": 30971.0, ""vendor_b"": 15910.0}",SELECT_VENDOR_A,,30971.0,vendor_a,Simulated reviewer,checked against the platform (sample answer key)
2026-09,2026-10-01 05:17:59,Q00032,CR01365,youtube,"follower_count, reach_rate, growth_rate",CROSS_VENDOR_DISCREPANCY,"{""vendor_c"": 31589.0, ""vendor_a"": 20513.0}",SELECT_VENDOR_A,,20513.0,vendor_a,Simulated reviewer,checked against the platform (sample answer key)
2026-09,2026-10-01 05:17:59,Q00033,CR01398,tiktok,"follower_count, reach_rate, growth_rate",CROSS_VENDOR_DISCREPANCY,"{""vendor_c"": 65253.0, ""vendor_b"": 25880.0}",SELECT_VENDOR_B,,25880.0,vendor_b,Simulated reviewer,checked against the platform (sample answer key)
2026-09,2026-10-01 05:17:59,Q00034,CR01432,instagram,"follower_count, reach_rate, growth_rate",CROSS_VENDOR_DISCREPANCY,"{""vendor_c"": 39545.0, ""vendor_a"": 24521.0}",SELECT_VENDOR_C,,39545.0,vendor_c,Simulated reviewer,checked against the platform (sample answer key)
2026-09,2026-10-01 05:17:59,Q00035,CR01458,youtube,"follower_count, reach_rate, growth_rate",CROSS_VENDOR_DISCREPANCY,"{""vendor_c"": 7061.0, ""vendor_b"": 4460.0}",SELECT_VENDOR_C,,7061.0,vendor_c,Simulated reviewer,checked against the platform (sample answer key)
2026-09,2026-10-01 05:17:59,Q00036,CR00330,youtube,growth_rate,CROSS_VENDOR_DISCREPANCY,"{""vendor_a"": 7.545934237535733, ""vendor_b"": 6.89369535204786}",SELECT_VENDOR_B,,6.89369535204786,vendor_b,Simulated reviewer,checked against the platform (sample answer key)
2026-09,2026-10-01 05:17:59,Q00037,CR00648,youtube,growth_rate,CROSS_VENDOR_DISCREPANCY,"{""vendor_c"": 7.488407968970381, ""vendor_a"": 6.899930958859603}",SELECT_VENDOR_A,,6.899930958859603,vendor_a,Simulated reviewer,checked against the platform (sample answer key)
2026-09,2026-10-01 05:17:59,Q00038,CR01472,instagram,growth_rate,CROSS_VENDOR_DISCREPANCY,"{""vendor_a"": 6.9582179750528415, ""vendor_b"": 7.132046685483256}",SELECT_VENDOR_A,,6.9582179750528415,vendor_a,Simulated reviewer,checked against the platform (sample answer key)
