month,vendor,current_score,blended_score,tier,usable_coverage,completeness,freshness,validity,implausible_values,rows
2026-07,vendor_a,0.8502,0.8502,1,0.4849,0.9642,0.9549,0.9982,0,1748
2026-07,vendor_b,0.8474,0.8474,2,0.6276,0.8927,0.8547,0.9965,0,2523
2026-07,vendor_c,0.661,0.661,3,0.2974,0.7301,0.5403,0.9898,34,1942
2026-08,vendor_a,0.8538,0.8403,2,0.5114,0.9634,0.9397,0.999,0,1814
2026-08,vendor_b,0.8552,0.8416,1,0.6437,0.8918,0.8773,0.9972,0,2507
2026-08,vendor_c,0.6736,0.6558,3,0.3224,0.7242,0.5958,0.9893,23,1879
2026-09,vendor_a,0.8236,0.8165,1,0.4485,0.9663,0.8614,0.9986,1,1779
2026-09,vendor_b,0.7942,0.7879,2,0.5196,0.8963,0.7124,0.9969,0,2529
2026-09,vendor_c,0.666,0.6537,3,0.3063,0.7246,0.5655,0.9892,26,1938
