creator_id,display_name,display_name__source,country,country__source,contact_email,contact_email__source,category,category__source
CR00000,Creator 0,vendor_a,DE,vendor_a,creator0@mail.example,vendor_a,music,vendor_a
CR00002,Creator 2,vendor_a,FR,vendor_a,creator2@mail.example,vendor_a,finance,vendor_a
CR00003,Creator 3,vendor_a,US,vendor_b,creator3@mail.example,vendor_b,beauty,vendor_a
CR00004,Creator 4,vendor_a,GB,vendor_a,creator4@mail.example,vendor_a,finance,vendor_a
CR00005,Creator 5,vendor_a,MX,vendor_a,creator5@mail.example,vendor_a,fitness,vendor_a
CR00007,Creator 7,vendor_a,DE,vendor_a,creator7@mail.example,vendor_a,gaming,vendor_a
CR00009,Creator 9,vendor_a,US,vendor_a,creator9@mail.example,vendor_a,beauty,vendor_a
CR00011,Creator 11,vendor_b,BR,vendor_b,creator11@mail.example,vendor_b,finance,vendor_b
CR00012,Creator 12,vendor_a,US,vendor_a,creator12@mail.example,vendor_a,fitness,vendor_a
CR00013,Creator 13,vendor_a,GB,vendor_a,,,travel,vendor_a
CR00015,Creator 15,vendor_a,FR,vendor_a,creator15@mail.example,vendor_a,gaming,vendor_a
CR00020,Creator 20,vendor_a,FR,vendor_a,creator20@mail.example,vendor_a,beauty,vendor_a
CR00025,Creator 25,vendor_a,KR,vendor_a,creator25@mail.example,vendor_a,food,vendor_a
CR00027,Creator 27,vendor_b,KR,vendor_b,creator27@mail.example,vendor_b,beauty,vendor_b
CR00029,Creator 29,vendor_a,FR,vendor_a,creator29@mail.example,vendor_a,beauty,vendor_a
CR00030,Creator 30,vendor_a,US,vendor_a,creator30@mail.example,vendor_a,food,vendor_a
CR00031,Creator 31,vendor_a,BR,vendor_a,creator31@mail.example,vendor_a,food,vendor_a
CR00032,Creator 32,vendor_a,US,vendor_a,creator32@mail.example,vendor_a,food,vendor_a
CR00033,Creator 33,vendor_a,MX,vendor_a,creator33@mail.example,vendor_a,beauty,vendor_a
CR00034,Creator 34,vendor_a,CA,vendor_a,creator34@mail.example,vendor_a,gaming,vendor_a
CR00036,Creator 36,vendor_a,FR,vendor_a,creator36@mail.example,vendor_a,beauty,vendor_a
CR00038,Creator 38,vendor_a,MX,vendor_a,creator38@mail.example,vendor_a,education,vendor_a
CR00039,,,,,,,,
CR00040,Creator 40,vendor_a,KR,vendor_a,creator40@mail.example,vendor_a,fitness,vendor_a
CR00041,Creator 41,vendor_a,IN,vendor_a,creator41@mail.example,vendor_a,beauty,vendor_a
CR00046,Creator 46,vendor_a,KR,vendor_a,creator46@mail.example,vendor_a,music,vendor_a
CR00047,Creator 47,vendor_a,BR,vendor_a,creator47@mail.example,vendor_a,tech,vendor_a
CR00048,Creator 48,vendor_a,DE,vendor_a,creator48@mail.example,vendor_a,gaming,vendor_a
CR00050,Creator 50,vendor_a,MX,vendor_a,creator50@mail.example,vendor_b,tech,vendor_a
CR00053,Creator 53,vendor_a,US,vendor_a,creator53@mail.example,vendor_a,travel,vendor_a
CR00054,Creator 54,vendor_a,KR,vendor_a,creator54@mail.example,vendor_a,travel,vendor_a
CR00056,Creator 56,vendor_a,JP,vendor_a,creator56@mail.example,vendor_a,comedy,vendor_a
CR00060,Creator 60,vendor_a,JP,vendor_a,creator60@mail.example,vendor_a,gaming,vendor_a
CR00062,Creator 62,vendor_a,JP,vendor_a,creator62@mail.example,vendor_a,gaming,vendor_a
CR00063,Creator 63,vendor_a,DE,vendor_a,creator63@mail.example,vendor_a,music,vendor_a
CR00065,Creator 65,vendor_a,BR,vendor_a,creator65@mail.example,vendor_a,beauty,vendor_a
CR00068,Creator 68,vendor_a,GB,vendor_a,creator68@mail.example,vendor_a,gaming,vendor_a
CR00070,Creator 70,vendor_a,IN,vendor_a,creator70@mail.example,vendor_a,finance,vendor_a
CR00072,Creator 72,vendor_a,JP,vendor_a,creator72@mail.example,vendor_a,beauty,vendor_a
CR00073,Creator 73,vendor_a,DE,vendor_a,creator73@mail.example,vendor_a,finance,vendor_a
CR00076,Creator 76,vendor_a,KR,vendor_a,creator76@mail.example,vendor_a,music,vendor_a
CR00077,Creator 77,vendor_a,GB,vendor_a,creator77@mail.example,vendor_a,gaming,vendor_a
CR00079,Creator 79,vendor_a,MX,vendor_a,creator79@mail.example,vendor_a,food,vendor_a
CR00082,Creator 82,vendor_a,DE,vendor_a,creator82@mail.example,vendor_a,gaming,vendor_a
CR00083,Creator 83,vendor_a,CA,vendor_a,creator83@mail.example,vendor_a,travel,vendor_a
CR00084,Creator 84,vendor_b,JP,vendor_b,creator84@mail.example,vendor_b,education,vendor_b
CR00085,Creator 85,vendor_b,FR,vendor_b,creator85@mail.example,vendor_b,beauty,vendor_b
CR00086,Creator 86,vendor_a,US,vendor_a,creator86@mail.example,vendor_a,education,vendor_a
CR00087,Creator 87,vendor_a,GB,vendor_a,creator87@mail.example,vendor_a,fitness,vendor_a
CR00089,Creator 89,vendor_a,KR,vendor_a,creator89@mail.example,vendor_a,finance,vendor_a
CR00090,Creator 90,vendor_a,DE,vendor_a,creator90@mail.example,vendor_a,travel,vendor_a
CR00092,Creator 92,vendor_a,DE,vendor_a,creator92@mail.example,vendor_a,tech,vendor_a
CR00094,Creator 94,vendor_a,JP,vendor_a,creator94@mail.example,vendor_a,fitness,vendor_a
CR00096,Creator 96,vendor_a,JP,vendor_a,creator96@mail.example,vendor_a,food,vendor_a
CR00097,Creator 97,vendor_a,GB,vendor_a,creator97@mail.example,vendor_a,food,vendor_a
CR00099,Creator 99,vendor_a,IN,vendor_a,creator99@mail.example,vendor_a,fitness,vendor_a
CR00100,Creator 100,vendor_a,JP,vendor_a,creator100@mail.example,vendor_a,beauty,vendor_a
CR00102,Creator 102,vendor_a,US,vendor_a,creator102@mail.example,vendor_a,education,vendor_a
CR00103,Creator 103,vendor_a,IN,vendor_a,creator103@mail.example,vendor_b,comedy,vendor_a
CR00107,Creator 107,vendor_a,FR,vendor_a,creator107@mail.example,vendor_a,beauty,vendor_b
CR00108,Creator 108,vendor_a,DE,vendor_a,creator108@mail.example,vendor_a,music,vendor_a
CR00110,Creator 110,vendor_a,JP,vendor_a,creator110@mail.example,vendor_a,beauty,vendor_a
CR00112,Creator 112,vendor_a,CA,vendor_a,creator112@mail.example,vendor_a,gaming,vendor_a
CR00116,Creator 116,vendor_a,US,vendor_a,creator116@mail.example,vendor_a,tech,vendor_b
CR00117,Creator 117,vendor_a,BR,vendor_a,creator117@mail.example,vendor_a,music,vendor_a
CR00125,Creator 125,vendor_a,CA,vendor_a,creator125@mail.example,vendor_a,comedy,vendor_a
CR00126,Creator 126,vendor_a,JP,vendor_a,creator126@mail.example,vendor_a,finance,vendor_a
CR00127,Creator 127,vendor_b,FR,vendor_b,creator127@mail.example,vendor_b,finance,vendor_b
CR00128,Creator 128,vendor_a,MX,vendor_a,creator128@mail.example,vendor_a,gaming,vendor_a
CR00130,Creator 130,vendor_a,CA,vendor_a,creator130@mail.example,vendor_a,finance,vendor_a
CR00131,Creator 131,vendor_a,FR,vendor_a,creator131@mail.example,vendor_a,travel,vendor_a
CR00135,,,DE,vendor_b,creator135@mail.example,vendor_b,comedy,vendor_b
CR00136,Creator 136,vendor_a,FR,vendor_a,creator136@mail.example,vendor_a,travel,vendor_a
CR00138,Creator 138,vendor_b,CA,vendor_b,creator138@mail.example,vendor_b,education,vendor_b
CR00139,Creator 139,vendor_b,GB,vendor_b,creator139@mail.example,vendor_b,education,vendor_b
CR00140,Creator 140,vendor_b,CA,vendor_b,,,tech,vendor_b
CR00141,Creator 141,vendor_a,CA,vendor_a,creator141@mail.example,vendor_a,finance,vendor_a
CR00143,Creator 143,vendor_a,BR,vendor_a,creator143@mail.example,vendor_a,fitness,vendor_a
CR00146,Creator 146,vendor_b,KR,vendor_b,creator146@mail.example,vendor_c,food,vendor_c
CR00147,Creator 147,vendor_a,CA,vendor_b,creator147@mail.example,vendor_a,comedy,vendor_a
CR00148,Creator 148,vendor_a,IN,vendor_a,creator148@mail.example,vendor_a,food,vendor_a
CR00149,Creator 149,vendor_a,IN,vendor_a,creator149@mail.example,vendor_a,tech,vendor_a
CR00150,Creator 150,vendor_b,US,vendor_b,creator150@mail.example,vendor_b,tech,vendor_b
CR00151,Creator 151,vendor_a,CA,vendor_a,creator151@mail.example,vendor_a,finance,vendor_a
CR00152,Creator 152,vendor_a,FR,vendor_a,creator152@mail.example,vendor_a,fitness,vendor_a
CR00153,Creator 153,vendor_a,MX,vendor_a,creator153@mail.example,vendor_a,fitness,vendor_a
CR00155,Creator 155,vendor_a,KR,vendor_a,creator155@mail.example,vendor_a,travel,vendor_a
CR00158,Creator 158,vendor_a,CA,vendor_a,creator158@mail.example,vendor_a,travel,vendor_a
CR00160,Creator 160,vendor_a,KR,vendor_a,creator160@mail.example,vendor_a,,
CR00161,Creator 161,vendor_b,US,vendor_b,creator161@mail.example,vendor_b,travel,vendor_b
CR00162,Creator 162,vendor_b,JP,vendor_b,,,food,vendor_b
CR00172,Creator 172,vendor_a,BR,vendor_a,creator172@mail.example,vendor_a,tech,vendor_a
CR00173,Creator 173,vendor_a,GB,vendor_a,creator173@mail.example,vendor_a,music,vendor_a
CR00174,Creator 174,vendor_a,BR,vendor_a,creator174@mail.example,vendor_a,tech,vendor_a
CR00175,Creator 175,vendor_a,JP,vendor_a,creator175@mail.example,vendor_a,food,vendor_b
CR00176,Creator 176,vendor_a,CA,vendor_a,creator176@mail.example,vendor_a,beauty,vendor_a
CR00177,Creator 177,vendor_a,GB,vendor_a,creator177@mail.example,vendor_a,beauty,vendor_a
CR00178,Creator 178,vendor_a,DE,vendor_a,creator178@mail.example,vendor_a,tech,vendor_a
CR00179,Creator 179,vendor_a,KR,vendor_a,creator179@mail.example,vendor_a,food,vendor_a
CR00180,Creator 180,vendor_a,US,vendor_a,creator180@mail.example,vendor_a,music,vendor_a
CR00181,Creator 181,vendor_a,GB,vendor_a,creator181@mail.example,vendor_a,education,vendor_a
CR00182,Creator 182,vendor_a,US,vendor_a,creator182@mail.example,vendor_a,gaming,vendor_b
CR00183,Creator 183,vendor_a,KR,vendor_a,creator183@mail.example,vendor_a,gaming,vendor_a
CR00184,Creator 184,vendor_a,CA,vendor_a,creator184@mail.example,vendor_b,music,vendor_a
CR00185,Creator 185,vendor_b,MX,vendor_b,creator185@mail.example,vendor_b,music,vendor_b
CR00186,Creator 186,vendor_a,GB,vendor_a,creator186@mail.example,vendor_a,food,vendor_a
CR00189,Creator 189,vendor_a,US,vendor_a,creator189@mail.example,vendor_b,education,vendor_a
CR00192,Creator 192,vendor_a,KR,vendor_a,creator192@mail.example,vendor_a,tech,vendor_a
CR00193,Creator 193,vendor_a,FR,vendor_a,creator193@mail.example,vendor_b,finance,vendor_b
CR00194,Creator 194,vendor_b,CA,vendor_b,creator194@mail.example,vendor_b,music,vendor_b
CR00197,Creator 197,vendor_a,KR,vendor_a,creator197@mail.example,vendor_a,music,vendor_a
CR00198,Creator 198,vendor_a,DE,vendor_a,creator198@mail.example,vendor_a,finance,vendor_a
CR00199,Creator 199,vendor_a,JP,vendor_a,creator199@mail.example,vendor_a,finance,vendor_a
CR00200,Creator 200,vendor_a,GB,vendor_a,creator200@mail.example,vendor_a,music,vendor_a
CR00202,Creator 202,vendor_a,JP,vendor_a,creator202@mail.example,vendor_a,finance,vendor_a
CR00208,Creator 208,vendor_a,CA,vendor_a,creator208@mail.example,vendor_a,travel,vendor_a
CR00212,Creator 212,vendor_b,JP,vendor_c,,,food,vendor_b
CR00213,Creator 213,vendor_a,CA,vendor_a,creator213@mail.example,vendor_a,music,vendor_a
CR00215,Creator 215,vendor_a,US,vendor_a,creator215@mail.example,vendor_a,tech,vendor_a
CR00216,Creator 216,vendor_b,BR,vendor_b,creator216@mail.example,vendor_b,music,vendor_b
CR00217,Creator 217,vendor_b,MX,vendor_b,,,,
CR00219,Creator 219,vendor_a,CA,vendor_a,creator219@mail.example,vendor_a,gaming,vendor_a
CR00223,Creator 223,vendor_a,IN,vendor_a,creator223@mail.example,vendor_a,fitness,vendor_a
CR00224,Creator 224,vendor_a,GB,vendor_a,creator224@mail.example,vendor_a,travel,vendor_a
CR00227,Creator 227,vendor_a,DE,vendor_a,creator227@mail.example,vendor_a,education,vendor_a
CR00228,Creator 228,vendor_a,CA,vendor_a,creator228@mail.example,vendor_a,beauty,vendor_a
CR00230,Creator 230,vendor_a,BR,vendor_a,creator230@mail.example,vendor_b,tech,vendor_a
CR00231,Creator 231,vendor_a,MX,vendor_a,creator231@mail.example,vendor_a,comedy,vendor_a
CR00233,Creator 233,vendor_a,MX,vendor_a,creator233@mail.example,vendor_a,fitness,vendor_a
CR00234,Creator 234,vendor_a,DE,vendor_a,creator234@mail.example,vendor_a,food,vendor_c
CR00235,Creator 235,vendor_a,BR,vendor_a,creator235@mail.example,vendor_a,comedy,vendor_a
CR00238,Creator 238,vendor_a,BR,vendor_a,creator238@mail.example,vendor_a,finance,vendor_a
CR00243,Creator 243,vendor_a,JP,vendor_a,creator243@mail.example,vendor_a,comedy,vendor_a
CR00244,Creator 244,vendor_a,DE,vendor_a,creator244@mail.example,vendor_a,gaming,vendor_a
CR00246,Creator 246,vendor_b,US,vendor_b,creator246@mail.example,vendor_b,comedy,vendor_b
CR00247,Creator 247,vendor_a,IN,vendor_a,creator247@mail.example,vendor_b,travel,vendor_a
CR00248,Creator 248,vendor_a,JP,vendor_a,creator248@mail.example,vendor_a,music,vendor_a
CR00249,Creator 249,vendor_a,IN,vendor_a,creator249@mail.example,vendor_a,education,vendor_a
CR00250,Creator 250,vendor_b,BR,vendor_b,,,food,vendor_b
CR00251,Creator 251,vendor_a,KR,vendor_a,creator251@mail.example,vendor_a,fitness,vendor_a
CR00252,Creator 252,vendor_a,DE,vendor_a,creator252@mail.example,vendor_a,music,vendor_a
CR00254,Creator 254,vendor_a,DE,vendor_a,creator254@mail.example,vendor_a,beauty,vendor_a
CR00257,Creator 257,vendor_a,BR,vendor_a,creator257@mail.example,vendor_a,gaming,vendor_a
CR00259,Creator 259,vendor_b,BR,vendor_b,creator259@mail.example,vendor_b,tech,vendor_b
CR00260,Creator 260,vendor_a,JP,vendor_a,creator260@mail.example,vendor_a,music,vendor_a
CR00261,Creator 261,vendor_a,BR,vendor_a,creator261@mail.example,vendor_a,music,vendor_a
CR00266,Creator 266,vendor_a,KR,vendor_a,creator266@mail.example,vendor_a,music,vendor_a
CR00267,Creator 267,vendor_a,US,vendor_a,creator267@mail.example,vendor_b,travel,vendor_a
CR00268,Creator 268,vendor_a,JP,vendor_a,,,finance,vendor_a
CR00269,Creator 269,vendor_a,DE,vendor_a,creator269@mail.example,vendor_a,tech,vendor_a
CR00271,Creator 271,vendor_a,GB,vendor_a,creator271@mail.example,vendor_a,food,vendor_a
CR00272,Creator 272,vendor_b,FR,vendor_b,creator272@mail.example,vendor_b,tech,vendor_b
CR00276,Creator 276,vendor_a,FR,vendor_a,creator276@mail.example,vendor_a,music,vendor_a
CR00277,Creator 277,vendor_a,DE,vendor_a,creator277@mail.example,vendor_a,education,vendor_a
CR00279,Creator 279,vendor_a,FR,vendor_a,creator279@mail.example,vendor_a,fitness,vendor_a
CR00281,Creator 281,vendor_a,FR,vendor_a,creator281@mail.example,vendor_a,beauty,vendor_a
CR00282,Creator 282,vendor_a,GB,vendor_a,creator282@mail.example,vendor_a,food,vendor_a
CR00283,Creator 283,vendor_b,CA,vendor_a,creator283@mail.example,vendor_a,education,vendor_a
CR00284,Creator 284,vendor_a,CA,vendor_a,creator284@mail.example,vendor_a,comedy,vendor_a
CR00285,Creator 285,vendor_a,CA,vendor_a,creator285@mail.example,vendor_a,food,vendor_a
CR00286,Creator 286,vendor_b,US,vendor_b,creator286@mail.example,vendor_b,fitness,vendor_b
CR00287,Creator 287,vendor_a,CA,vendor_a,creator287@mail.example,vendor_a,travel,vendor_a
CR00288,Creator 288,vendor_a,KR,vendor_a,creator288@mail.example,vendor_a,music,vendor_a
CR00289,Creator 289,vendor_a,JP,vendor_a,creator289@mail.example,vendor_a,education,vendor_a
CR00291,Creator 291,vendor_a,KR,vendor_a,creator291@mail.example,vendor_a,comedy,vendor_a
CR00292,Creator 292,vendor_b,KR,vendor_b,creator292@mail.example,vendor_b,fitness,vendor_b
CR00293,Creator 293,vendor_a,JP,vendor_a,creator293@mail.example,vendor_a,education,vendor_a
CR00296,Creator 296,vendor_a,MX,vendor_a,creator296@mail.example,vendor_a,tech,vendor_a
CR00297,Creator 297,vendor_a,MX,vendor_a,creator297@mail.example,vendor_a,music,vendor_a
CR00298,Creator 298,vendor_a,CA,vendor_a,creator298@mail.example,vendor_a,tech,vendor_a
CR00300,Creator 300,vendor_a,US,vendor_a,creator300@mail.example,vendor_a,fitness,vendor_b
CR00302,Creator 302,vendor_a,MX,vendor_a,creator302@mail.example,vendor_a,gaming,vendor_a
CR00303,Creator 303,vendor_a,CA,vendor_a,creator303@mail.example,vendor_a,tech,vendor_a
CR00304,Creator 304,vendor_a,FR,vendor_a,creator304@mail.example,vendor_a,travel,vendor_a
CR00305,Creator 305,vendor_a,BR,vendor_a,creator305@mail.example,vendor_a,food,vendor_a
CR00311,Creator 311,vendor_a,MX,vendor_a,creator311@mail.example,vendor_a,finance,vendor_a
CR00313,Creator 313,vendor_a,KR,vendor_a,creator313@mail.example,vendor_a,travel,vendor_a
CR00315,Creator 315,vendor_a,IN,vendor_a,creator315@mail.example,vendor_a,tech,vendor_a
CR00317,Creator 317,vendor_a,FR,vendor_a,creator317@mail.example,vendor_a,gaming,vendor_a
CR00318,Creator 318,vendor_a,CA,vendor_a,creator318@mail.example,vendor_a,beauty,vendor_a
CR00321,Creator 321,vendor_a,JP,vendor_a,creator321@mail.example,vendor_a,fitness,vendor_a
CR00322,Creator 322,vendor_a,KR,vendor_a,creator322@mail.example,vendor_a,comedy,vendor_a
CR00323,Creator 323,vendor_a,MX,vendor_a,creator323@mail.example,vendor_a,travel,vendor_a
CR00324,Creator 324,vendor_a,FR,vendor_a,creator324@mail.example,vendor_b,finance,vendor_a
CR00325,Creator 325,vendor_a,MX,vendor_a,creator325@mail.example,vendor_a,gaming,vendor_a
CR00327,Creator 327,vendor_a,MX,vendor_a,creator327@mail.example,vendor_a,food,vendor_a
CR00328,Creator 328,vendor_a,CA,vendor_a,creator328@mail.example,vendor_a,beauty,vendor_a
CR00330,Creator 330,vendor_a,MX,vendor_a,creator330@mail.example,vendor_a,tech,vendor_a
CR00336,Creator 336,vendor_a,CA,vendor_a,creator336@mail.example,vendor_b,fitness,vendor_a
CR00338,Creator 338,vendor_a,CA,vendor_a,creator338@mail.example,vendor_a,travel,vendor_a
CR00339,Creator 339,vendor_a,JP,vendor_a,creator339@mail.example,vendor_a,fitness,vendor_a
CR00340,Creator 340,vendor_a,KR,vendor_a,creator340@mail.example,vendor_a,food,vendor_a
CR00342,Creator 342,vendor_a,MX,vendor_a,creator342@mail.example,vendor_a,comedy,vendor_a
CR00343,Creator 343,vendor_a,US,vendor_a,creator343@mail.example,vendor_a,fitness,vendor_a
CR00345,Creator 345,vendor_a,MX,vendor_a,creator345@mail.example,vendor_b,finance,vendor_a
CR00346,Creator 346,vendor_a,MX,vendor_a,creator346@mail.example,vendor_a,beauty,vendor_a
CR00347,Creator 347,vendor_a,MX,vendor_a,creator347@mail.example,vendor_a,comedy,vendor_a
CR00348,Creator 348,vendor_a,JP,vendor_a,creator348@mail.example,vendor_a,tech,vendor_c
CR00350,Creator 350,vendor_b,MX,vendor_b,,,education,vendor_b
CR00351,Creator 351,vendor_a,US,vendor_a,creator351@mail.example,vendor_a,food,vendor_a
CR00352,Creator 352,vendor_a,BR,vendor_a,creator352@mail.example,vendor_a,comedy,vendor_a
CR00353,Creator 353,vendor_a,BR,vendor_a,creator353@mail.example,vendor_a,beauty,vendor_a
CR00354,Creator 354,vendor_a,IN,vendor_a,creator354@mail.example,vendor_a,education,vendor_b
CR00356,Creator 356,vendor_b,GB,vendor_b,creator356@mail.example,vendor_b,comedy,vendor_b
CR00357,Creator 357,vendor_a,MX,vendor_a,creator357@mail.example,vendor_a,beauty,vendor_a
CR00358,Creator 358,vendor_a,JP,vendor_a,creator358@mail.example,vendor_a,tech,vendor_a
CR00359,Creator 359,vendor_b,MX,vendor_b,creator359@mail.example,vendor_c,music,vendor_c
CR00360,Creator 360,vendor_a,US,vendor_a,creator360@mail.example,vendor_a,food,vendor_a
CR00366,Creator 366,vendor_b,KR,vendor_b,creator366@mail.example,vendor_b,education,vendor_b
CR00368,Creator 368,vendor_a,BR,vendor_a,creator368@mail.example,vendor_a,fitness,vendor_a
CR00369,Creator 369,vendor_a,IN,vendor_a,creator369@mail.example,vendor_a,education,vendor_a
CR00371,Creator 371,vendor_a,MX,vendor_a,creator371@mail.example,vendor_a,education,vendor_a
CR00373,Creator 373,vendor_a,JP,vendor_a,creator373@mail.example,vendor_a,comedy,vendor_a
CR00374,Creator 374,vendor_a,MX,vendor_a,creator374@mail.example,vendor_a,finance,vendor_a
CR00377,Creator 377,vendor_a,IN,vendor_a,creator377@mail.example,vendor_a,travel,vendor_a
CR00379,Creator 379,vendor_a,BR,vendor_a,,,finance,vendor_a
CR00380,Creator 380,vendor_a,JP,vendor_a,creator380@mail.example,vendor_a,education,vendor_a
CR00381,Creator 381,vendor_b,CA,vendor_a,creator381@mail.example,vendor_a,tech,vendor_a
CR00382,,,,,,,,
CR00383,Creator 383,vendor_a,GB,vendor_a,creator383@mail.example,vendor_a,travel,vendor_a
CR00386,Creator 386,vendor_a,DE,vendor_a,creator386@mail.example,vendor_a,beauty,vendor_a
CR00390,Creator 390,vendor_a,GB,vendor_a,creator390@mail.example,vendor_a,gaming,vendor_a
CR00391,Creator 391,vendor_a,BR,vendor_a,creator391@mail.example,vendor_a,finance,vendor_a
CR00393,Creator 393,vendor_a,GB,vendor_a,creator393@mail.example,vendor_a,travel,vendor_a
CR00394,Creator 394,vendor_a,CA,vendor_a,creator394@mail.example,vendor_a,beauty,vendor_a
CR00395,Creator 395,vendor_a,DE,vendor_a,creator395@mail.example,vendor_a,comedy,vendor_a
CR00396,Creator 396,vendor_a,CA,vendor_a,creator396@mail.example,vendor_a,education,vendor_a
CR00399,Creator 399,vendor_a,JP,vendor_a,creator399@mail.example,vendor_a,gaming,vendor_a
CR00400,Creator 400,vendor_a,BR,vendor_a,creator400@mail.example,vendor_a,food,vendor_a
CR00401,Creator 401,vendor_a,GB,vendor_a,creator401@mail.example,vendor_a,music,vendor_a
CR00403,Creator 403,vendor_a,JP,vendor_a,creator403@mail.example,vendor_a,travel,vendor_a
CR00404,Creator 404,vendor_a,CA,vendor_a,creator404@mail.example,vendor_a,beauty,vendor_a
CR00405,Creator 405,vendor_a,BR,vendor_a,creator405@mail.example,vendor_a,travel,vendor_a
CR00407,Creator 407,vendor_b,FR,vendor_b,creator407@mail.example,vendor_c,education,vendor_b
CR00412,creator 412,vendor_c,BR,vendor_c,creator412@mail.example,vendor_c,,
CR00416,Creator 416,vendor_a,DE,vendor_a,creator416@mail.example,vendor_a,comedy,vendor_a
CR00417,Creator 417,vendor_a,US,vendor_a,creator417@mail.example,vendor_a,gaming,vendor_b
CR00419,,,MX,vendor_c,creator419@mail.example,vendor_c,tech,vendor_c
CR00422,Creator 422,vendor_a,US,vendor_a,creator422@mail.example,vendor_b,music,vendor_a
CR00423,Creator 423,vendor_a,FR,vendor_a,creator423@mail.example,vendor_a,travel,vendor_a
CR00424,Creator 424,vendor_a,DE,vendor_a,creator424@mail.example,vendor_a,comedy,vendor_a
CR00425,Creator 425,vendor_a,MX,vendor_a,creator425@mail.example,vendor_a,tech,vendor_a
CR00427,Creator 427,vendor_a,IN,vendor_a,creator427@mail.example,vendor_a,travel,vendor_a
CR00430,Creator 430,vendor_a,GB,vendor_a,creator430@mail.example,vendor_a,beauty,vendor_a
CR00431,Creator 431,vendor_a,BR,vendor_b,creator431@mail.example,vendor_a,travel,vendor_a
CR00432,Creator 432,vendor_a,GB,vendor_a,creator432@mail.example,vendor_a,food,vendor_a
CR00433,Creator 433,vendor_a,GB,vendor_a,creator433@mail.example,vendor_a,travel,vendor_a
CR00435,Creator 435,vendor_a,IN,vendor_a,creator435@mail.example,vendor_a,fitness,vendor_a
CR00437,Creator 437,vendor_b,CA,vendor_b,creator437@mail.example,vendor_b,beauty,vendor_b
CR00438,Creator 438,vendor_a,IN,vendor_a,creator438@mail.example,vendor_a,gaming,vendor_a
CR00439,Creator 439,vendor_a,CA,vendor_a,creator439@mail.example,vendor_a,music,vendor_a
CR00441,Creator 441,vendor_a,IN,vendor_a,creator441@mail.example,vendor_a,music,vendor_a
CR00442,Creator 442,vendor_a,FR,vendor_a,creator442@mail.example,vendor_a,comedy,vendor_a
CR00443,Creator 443,vendor_a,CA,vendor_a,creator443@mail.example,vendor_a,finance,vendor_a
CR00444,Creator 444,vendor_a,MX,vendor_a,creator444@mail.example,vendor_b,gaming,vendor_a
CR00445,Creator 445,vendor_b,MX,vendor_b,creator445@mail.example,vendor_b,music,vendor_b
CR00446,Creator 446,vendor_a,KR,vendor_a,creator446@mail.example,vendor_a,tech,vendor_a
CR00448,Creator 448,vendor_a,DE,vendor_a,creator448@mail.example,vendor_a,gaming,vendor_a
CR00449,Creator 449,vendor_a,GB,vendor_a,creator449@mail.example,vendor_a,gaming,vendor_a
CR00452,Creator 452,vendor_a,CA,vendor_a,creator452@mail.example,vendor_a,finance,vendor_a
CR00457,Creator 457,vendor_b,GB,vendor_b,creator457@mail.example,vendor_b,music,vendor_b
CR00458,Creator 458,vendor_a,IN,vendor_a,creator458@mail.example,vendor_a,finance,vendor_a
CR00460,Creator 460,vendor_a,KR,vendor_a,creator460@mail.example,vendor_a,finance,vendor_a
CR00461,Creator 461,vendor_a,BR,vendor_a,creator461@mail.example,vendor_a,beauty,vendor_a
CR00463,Creator 463,vendor_a,IN,vendor_a,creator463@mail.example,vendor_a,gaming,vendor_a
CR00465,Creator 465,vendor_a,JP,vendor_a,creator465@mail.example,vendor_a,fitness,vendor_a
CR00471,Creator 471,vendor_a,KR,vendor_a,creator471@mail.example,vendor_a,gaming,vendor_a
CR00473,Creator 473,vendor_a,US,vendor_a,creator473@mail.example,vendor_a,fitness,vendor_a
CR00475,Creator 475,vendor_a,BR,vendor_a,creator475@mail.example,vendor_a,comedy,vendor_a
CR00476,Creator 476,vendor_a,GB,vendor_a,creator476@mail.example,vendor_a,tech,vendor_a
CR00477,Creator 477,vendor_a,CA,vendor_a,creator477@mail.example,vendor_a,tech,vendor_a
CR00480,Creator 480,vendor_a,CA,vendor_a,creator480@mail.example,vendor_a,gaming,vendor_a
CR00481,Creator 481,vendor_b,BR,vendor_b,creator481@mail.example,vendor_b,travel,vendor_b
CR00483,Creator 483,vendor_a,IN,vendor_b,creator483@mail.example,vendor_a,music,vendor_a
CR00485,Creator 485,vendor_a,BR,vendor_a,creator485@mail.example,vendor_a,finance,vendor_a
CR00488,Creator 488,vendor_a,MX,vendor_a,creator488@mail.example,vendor_a,finance,vendor_a
CR00489,Creator 489,vendor_a,CA,vendor_a,creator489@mail.example,vendor_a,comedy,vendor_a
CR00491,Creator 491,vendor_a,DE,vendor_a,creator491@mail.example,vendor_a,beauty,vendor_a
CR00494,Creator 494,vendor_a,US,vendor_a,creator494@mail.example,vendor_a,music,vendor_a
CR00495,Creator 495,vendor_a,US,vendor_a,creator495@mail.example,vendor_a,education,vendor_a
CR00497,Creator 497,vendor_a,MX,vendor_a,creator497@mail.example,vendor_b,gaming,vendor_a
CR00501,Creator 501,vendor_a,JP,vendor_a,creator501@mail.example,vendor_a,fitness,vendor_a
CR00502,Creator 502,vendor_a,BR,vendor_a,creator502@mail.example,vendor_b,education,vendor_a
CR00504,Creator 504,vendor_a,GB,vendor_a,creator504@mail.example,vendor_a,comedy,vendor_a
CR00505,Creator 505,vendor_a,FR,vendor_a,creator505@mail.example,vendor_a,beauty,vendor_a
CR00508,Creator 508,vendor_b,FR,vendor_b,creator508@mail.example,vendor_b,food,vendor_b
CR00509,Creator 509,vendor_a,MX,vendor_a,creator509@mail.example,vendor_a,fitness,vendor_a
CR00510,Creator 510,vendor_a,IN,vendor_a,creator510@mail.example,vendor_a,gaming,vendor_a
CR00511,Creator 511,vendor_a,BR,vendor_a,creator511@mail.example,vendor_a,music,vendor_a
CR00512,Creator 512,vendor_a,BR,vendor_a,creator512@mail.example,vendor_a,gaming,vendor_a
CR00515,Creator 515,vendor_a,CA,vendor_a,creator515@mail.example,vendor_a,beauty,vendor_a
CR00517,Creator 517,vendor_a,DE,vendor_a,creator517@mail.example,vendor_a,beauty,vendor_a
CR00518,Creator 518,vendor_a,US,vendor_a,creator518@mail.example,vendor_a,fitness,vendor_a
CR00519,Creator 519,vendor_a,CA,vendor_a,creator519@mail.example,vendor_a,education,vendor_a
CR00520,Creator 520,vendor_a,US,vendor_a,creator520@mail.example,vendor_a,gaming,vendor_a
CR00522,Creator 522,vendor_a,IN,vendor_a,creator522@mail.example,vendor_a,finance,vendor_a
CR00523,Creator 523,vendor_a,FR,vendor_a,creator523@mail.example,vendor_a,food,vendor_a
CR00525,Creator 525,vendor_a,US,vendor_a,creator525@mail.example,vendor_a,fitness,vendor_a
CR00526,Creator 526,vendor_a,GB,vendor_a,creator526@mail.example,vendor_a,gaming,vendor_a
CR00527,Creator 527,vendor_a,FR,vendor_a,creator527@mail.example,vendor_a,travel,vendor_a
CR00528,Creator 528,vendor_a,MX,vendor_a,creator528@mail.example,vendor_a,fitness,vendor_a
CR00529,Creator 529,vendor_a,IN,vendor_a,creator529@mail.example,vendor_a,beauty,vendor_a
CR00530,Creator 530,vendor_a,KR,vendor_a,creator530@mail.example,vendor_a,tech,vendor_a
CR00533,Creator 533,vendor_a,US,vendor_a,creator533@mail.example,vendor_a,education,vendor_a
CR00535,Creator 535,vendor_a,CA,vendor_a,creator535@mail.example,vendor_a,gaming,vendor_a
CR00538,Creator 538,vendor_a,JP,vendor_a,creator538@mail.example,vendor_a,gaming,vendor_a
CR00539,Creator 539,vendor_b,US,vendor_b,creator539@mail.example,vendor_b,gaming,vendor_b
CR00540,Creator 540,vendor_a,IN,vendor_a,creator540@mail.example,vendor_a,finance,vendor_a
CR00541,Creator 541,vendor_b,DE,vendor_b,creator541@mail.example,vendor_b,beauty,vendor_b
CR00542,Creator 542,vendor_a,DE,vendor_a,creator542@mail.example,vendor_a,music,vendor_a
CR00544,Creator 544,vendor_a,DE,vendor_a,creator544@mail.example,vendor_a,tech,vendor_a
CR00546,Creator 546,vendor_a,US,vendor_a,creator546@mail.example,vendor_a,fitness,vendor_a
CR00550,Creator 550,vendor_a,CA,vendor_a,creator550@mail.example,vendor_a,travel,vendor_a
CR00551,Creator 551,vendor_a,US,vendor_a,creator551@mail.example,vendor_a,travel,vendor_a
CR00552,Creator 552,vendor_a,DE,vendor_a,creator552@mail.example,vendor_a,finance,vendor_a
CR00553,Creator 553,vendor_a,FR,vendor_a,creator553@mail.example,vendor_a,education,vendor_a
CR00557,Creator 557,vendor_a,MX,vendor_a,creator557@mail.example,vendor_a,beauty,vendor_a
CR00559,Creator 559,vendor_b,BR,vendor_b,creator559@mail.example,vendor_b,fitness,vendor_b
CR00566,Creator 566,vendor_a,FR,vendor_a,creator566@mail.example,vendor_a,travel,vendor_a
CR00568,Creator 568,vendor_a,US,vendor_a,creator568@mail.example,vendor_a,tech,vendor_a
CR00569,Creator 569,vendor_a,FR,vendor_a,creator569@mail.example,vendor_a,gaming,vendor_a
CR00570,Creator 570,vendor_a,US,vendor_a,creator570@mail.example,vendor_a,finance,vendor_a
CR00571,Creator 571,vendor_a,IN,vendor_a,creator571@mail.example,vendor_a,finance,vendor_a
CR00573,,,,,,,,
CR00574,Creator 574,vendor_a,GB,vendor_a,creator574@mail.example,vendor_a,gaming,vendor_a
CR00576,Creator 576,vendor_a,MX,vendor_a,creator576@mail.example,vendor_a,finance,vendor_a
CR00577,Creator 577,vendor_a,CA,vendor_a,creator577@mail.example,vendor_a,tech,vendor_a
CR00579,Creator 579,vendor_a,FR,vendor_a,creator579@mail.example,vendor_a,music,vendor_a
CR00581,Creator 581,vendor_a,JP,vendor_a,creator581@mail.example,vendor_a,music,vendor_a
CR00582,,,CA,vendor_c,,,music,vendor_c
CR00584,Creator 584,vendor_a,KR,vendor_a,creator584@mail.example,vendor_a,finance,vendor_a
CR00587,Creator 587,vendor_b,MX,vendor_b,creator587@mail.example,vendor_b,tech,vendor_b
CR00588,Creator 588,vendor_a,FR,vendor_a,creator588@mail.example,vendor_a,gaming,vendor_a
CR00589,Creator 589,vendor_a,MX,vendor_b,creator589@mail.example,vendor_a,travel,vendor_a
CR00591,Creator 591,vendor_a,MX,vendor_a,creator591@mail.example,vendor_a,tech,vendor_a
CR00592,,,,,,,,
CR00593,Creator 593,vendor_a,KR,vendor_a,creator593@mail.example,vendor_a,fitness,vendor_a
CR00594,Creator 594,vendor_a,US,vendor_a,creator594@mail.example,vendor_a,finance,vendor_a
CR00595,Creator 595,vendor_a,KR,vendor_a,creator595@mail.example,vendor_a,gaming,vendor_a
CR00598,Creator 598,vendor_b,US,vendor_b,creator598@mail.example,vendor_b,finance,vendor_b
CR00601,Creator 601,vendor_a,DE,vendor_a,creator601@mail.example,vendor_a,comedy,vendor_a
CR00602,Creator 602,vendor_a,GB,vendor_a,creator602@mail.example,vendor_a,education,vendor_a
CR00604,Creator 604,vendor_b,JP,vendor_b,,,comedy,vendor_b
CR00605,Creator 605,vendor_a,MX,vendor_a,creator605@mail.example,vendor_a,beauty,vendor_a
CR00609,Creator 609,vendor_a,BR,vendor_a,creator609@mail.example,vendor_a,music,vendor_a
CR00610,Creator 610,vendor_a,JP,vendor_a,creator610@mail.example,vendor_a,food,vendor_a
CR00613,Creator 613,vendor_a,JP,vendor_a,,,finance,vendor_a
CR00615,Creator 615,vendor_a,MX,vendor_a,creator615@mail.example,vendor_a,music,vendor_a
CR00616,Creator 616,vendor_a,MX,vendor_a,creator616@mail.example,vendor_a,education,vendor_a
CR00618,Creator 618,vendor_a,MX,vendor_a,creator618@mail.example,vendor_a,tech,vendor_a
CR00620,Creator 620,vendor_a,JP,vendor_a,creator620@mail.example,vendor_a,gaming,vendor_a
CR00621,Creator 621,vendor_a,IN,vendor_a,creator621@mail.example,vendor_a,music,vendor_a
CR00622,Creator 622,vendor_b,GB,vendor_b,creator622@mail.example,vendor_b,education,vendor_b
CR00623,Creator 623,vendor_a,IN,vendor_a,creator623@mail.example,vendor_b,comedy,vendor_a
CR00624,Creator 624,vendor_a,BR,vendor_a,creator624@mail.example,vendor_a,beauty,vendor_a
CR00625,Creator 625,vendor_a,BR,vendor_a,creator625@mail.example,vendor_a,comedy,vendor_a
CR00627,Creator 627,vendor_a,JP,vendor_a,creator627@mail.example,vendor_a,beauty,vendor_a
CR00628,Creator 628,vendor_a,JP,vendor_a,creator628@mail.example,vendor_a,food,vendor_a
CR00630,Creator 630,vendor_a,GB,vendor_a,creator630@mail.example,vendor_b,finance,vendor_a
CR00631,Creator 631,vendor_a,JP,vendor_a,creator631@mail.example,vendor_a,comedy,vendor_a
CR00633,Creator 633,vendor_b,US,vendor_b,,,comedy,vendor_b
CR00634,Creator 634,vendor_b,KR,vendor_b,creator634@mail.example,vendor_b,travel,vendor_b
CR00635,Creator 635,vendor_a,BR,vendor_a,creator635@mail.example,vendor_a,education,vendor_a
CR00638,Creator 638,vendor_b,CA,vendor_b,creator638@mail.example,vendor_b,food,vendor_b
CR00639,Creator 639,vendor_a,DE,vendor_a,creator639@mail.example,vendor_a,food,vendor_a
CR00641,Creator 641,vendor_a,IN,vendor_a,creator641@mail.example,vendor_a,food,vendor_a
CR00648,Creator 648,vendor_a,JP,vendor_a,creator648@mail.example,vendor_a,travel,vendor_a
CR00655,Creator 655,vendor_b,IN,vendor_b,creator655@mail.example,vendor_c,travel,vendor_b
CR00657,Creator 657,vendor_b,JP,vendor_b,,,travel,vendor_b
CR00661,Creator 661,vendor_b,BR,vendor_b,,,travel,vendor_b
CR00662,Creator 662,vendor_a,IN,vendor_a,creator662@mail.example,vendor_a,finance,vendor_a
CR00663,Creator 663,vendor_a,GB,vendor_a,creator663@mail.example,vendor_a,gaming,vendor_a
CR00665,Creator 665,vendor_a,US,vendor_a,creator665@mail.example,vendor_a,tech,vendor_a
CR00668,Creator 668,vendor_a,GB,vendor_a,creator668@mail.example,vendor_a,gaming,vendor_a
CR00669,Creator 669,vendor_a,MX,vendor_a,creator669@mail.example,vendor_a,beauty,vendor_a
CR00670,Creator 670,vendor_a,JP,vendor_a,creator670@mail.example,vendor_a,gaming,vendor_a
CR00673,Creator 673,vendor_a,BR,vendor_a,,,education,vendor_a
CR00674,Creator 674,vendor_a,BR,vendor_a,creator674@mail.example,vendor_b,finance,vendor_a
CR00676,Creator 676,vendor_a,KR,vendor_a,creator676@mail.example,vendor_a,food,vendor_a
CR00680,Creator 680,vendor_b,IN,vendor_b,creator680@mail.example,vendor_b,beauty,vendor_b
CR00681,Creator 681,vendor_a,DE,vendor_a,creator681@mail.example,vendor_a,education,vendor_a
CR00682,Creator 682,vendor_a,CA,vendor_a,creator682@mail.example,vendor_a,finance,vendor_a
CR00684,Creator 684,vendor_a,MX,vendor_a,creator684@mail.example,vendor_a,fitness,vendor_a
CR00685,Creator 685,vendor_a,IN,vendor_a,creator685@mail.example,vendor_a,tech,vendor_a
CR00686,Creator 686,vendor_a,GB,vendor_a,creator686@mail.example,vendor_a,gaming,vendor_a
CR00687,Creator 687,vendor_a,DE,vendor_a,creator687@mail.example,vendor_a,travel,vendor_a
CR00688,Creator 688,vendor_a,BR,vendor_a,creator688@mail.example,vendor_a,food,vendor_a
CR00689,Creator 689,vendor_a,JP,vendor_a,creator689@mail.example,vendor_a,fitness,vendor_a
CR00690,Creator 690,vendor_a,JP,vendor_a,creator690@mail.example,vendor_a,music,vendor_a
CR00691,Creator 691,vendor_b,FR,vendor_b,creator691@mail.example,vendor_b,beauty,vendor_b
CR00692,Creator 692,vendor_a,US,vendor_a,creator692@mail.example,vendor_a,gaming,vendor_a
CR00694,Creator 694,vendor_a,US,vendor_a,creator694@mail.example,vendor_a,gaming,vendor_a
CR00696,Creator 696,vendor_a,JP,vendor_a,creator696@mail.example,vendor_a,travel,vendor_a
CR00697,Creator 697,vendor_a,FR,vendor_a,creator697@mail.example,vendor_a,education,vendor_a
CR00698,Creator 698,vendor_a,IN,vendor_a,creator698@mail.example,vendor_a,education,vendor_a
CR00699,Creator 699,vendor_a,CA,vendor_a,creator699@mail.example,vendor_a,beauty,vendor_a
CR00701,Creator 701,vendor_a,DE,vendor_a,creator701@mail.example,vendor_a,music,vendor_a
CR00702,Creator 702,vendor_a,FR,vendor_a,creator702@mail.example,vendor_a,beauty,vendor_a
CR00703,Creator 703,vendor_a,DE,vendor_a,creator703@mail.example,vendor_a,beauty,vendor_a
CR00704,Creator 704,vendor_a,GB,vendor_a,creator704@mail.example,vendor_a,tech,vendor_a
CR00707,Creator 707,vendor_a,DE,vendor_a,creator707@mail.example,vendor_b,food,vendor_a
CR00709,creator 709,vendor_c,FR,vendor_c,creator709@mail.example,vendor_c,comedy,vendor_c
CR00711,Creator 711,vendor_a,BR,vendor_a,creator711@mail.example,vendor_c,fitness,vendor_a
CR00718,Creator 718,vendor_a,FR,vendor_a,,,gaming,vendor_a
CR00721,Creator 721,vendor_a,DE,vendor_a,creator721@mail.example,vendor_a,gaming,vendor_a
CR00722,Creator 722,vendor_a,FR,vendor_a,creator722@mail.example,vendor_a,comedy,vendor_a
CR00724,Creator 724,vendor_a,US,vendor_a,creator724@mail.example,vendor_a,gaming,vendor_a
CR00725,Creator 725,vendor_a,IN,vendor_a,creator725@mail.example,vendor_a,tech,vendor_a
CR00726,Creator 726,vendor_b,GB,vendor_b,creator726@mail.example,vendor_b,comedy,vendor_b
CR00727,Creator 727,vendor_a,US,vendor_a,creator727@mail.example,vendor_a,education,vendor_a
CR00728,Creator 728,vendor_a,IN,vendor_a,creator728@mail.example,vendor_a,gaming,vendor_a
CR00729,Creator 729,vendor_a,CA,vendor_a,creator729@mail.example,vendor_a,beauty,vendor_a
CR00730,Creator 730,vendor_a,BR,vendor_a,creator730@mail.example,vendor_a,fitness,vendor_a
CR00731,Creator 731,vendor_a,IN,vendor_a,creator731@mail.example,vendor_a,travel,vendor_a
CR00732,Creator 732,vendor_a,FR,vendor_a,creator732@mail.example,vendor_a,gaming,vendor_a
CR00733,Creator 733,vendor_a,MX,vendor_a,creator733@mail.example,vendor_a,food,vendor_a
CR00734,Creator 734,vendor_a,DE,vendor_a,creator734@mail.example,vendor_c,tech,vendor_a
CR00735,Creator 735,vendor_a,BR,vendor_a,creator735@mail.example,vendor_a,finance,vendor_a
CR00739,Creator 739,vendor_a,FR,vendor_a,creator739@mail.example,vendor_a,education,vendor_a
CR00741,Creator 741,vendor_a,MX,vendor_a,creator741@mail.example,vendor_a,travel,vendor_a
CR00745,Creator 745,vendor_a,FR,vendor_a,creator745@mail.example,vendor_a,travel,vendor_a
CR00746,Creator 746,vendor_a,JP,vendor_a,creator746@mail.example,vendor_a,education,vendor_a
CR00747,Creator 747,vendor_a,KR,vendor_a,creator747@mail.example,vendor_a,music,vendor_a
CR00748,Creator 748,vendor_a,CA,vendor_a,creator748@mail.example,vendor_a,fitness,vendor_a
CR00750,Creator 750,vendor_a,JP,vendor_a,creator750@mail.example,vendor_a,food,vendor_a
CR00751,Creator 751,vendor_a,US,vendor_a,creator751@mail.example,vendor_a,fitness,vendor_a
CR00752,Creator 752,vendor_a,MX,vendor_a,creator752@mail.example,vendor_a,gaming,vendor_a
CR00753,Creator 753,vendor_a,CA,vendor_a,creator753@mail.example,vendor_a,education,vendor_a
CR00754,Creator 754,vendor_a,CA,vendor_a,creator754@mail.example,vendor_a,food,vendor_a
CR00755,Creator 755,vendor_a,JP,vendor_a,creator755@mail.example,vendor_b,gaming,vendor_a
CR00757,Creator 757,vendor_a,DE,vendor_a,creator757@mail.example,vendor_a,food,vendor_a
CR00759,Creator 759,vendor_a,IN,vendor_a,creator759@mail.example,vendor_a,finance,vendor_a
CR00760,Creator 760,vendor_a,IN,vendor_a,creator760@mail.example,vendor_b,travel,vendor_a
CR00761,Creator 761,vendor_a,IN,vendor_a,creator761@mail.example,vendor_a,fitness,vendor_a
CR00764,Creator 764,vendor_a,IN,vendor_a,creator764@mail.example,vendor_a,music,vendor_a
CR00766,Creator 766,vendor_a,MX,vendor_a,creator766@mail.example,vendor_a,beauty,vendor_a
CR00769,Creator 769,vendor_a,CA,vendor_a,creator769@mail.example,vendor_b,travel,vendor_a
CR00770,Creator 770,vendor_b,CA,vendor_c,creator770@mail.example,vendor_b,food,vendor_b
CR00771,Creator 771,vendor_b,GB,vendor_b,creator771@mail.example,vendor_b,education,vendor_b
CR00772,Creator 772,vendor_b,BR,vendor_b,creator772@mail.example,vendor_b,beauty,vendor_b
CR00779,Creator 779,vendor_a,JP,vendor_a,creator779@mail.example,vendor_a,education,vendor_a
CR00781,Creator 781,vendor_a,CA,vendor_a,creator781@mail.example,vendor_a,fitness,vendor_a
CR00785,Creator 785,vendor_b,GB,vendor_b,creator785@mail.example,vendor_b,music,vendor_b
CR00786,Creator 786,vendor_a,CA,vendor_a,creator786@mail.example,vendor_a,music,vendor_a
CR00788,Creator 788,vendor_a,MX,vendor_a,creator788@mail.example,vendor_a,fitness,vendor_a
CR00789,Creator 789,vendor_b,GB,vendor_b,creator789@mail.example,vendor_b,gaming,vendor_b
CR00791,Creator 791,vendor_a,BR,vendor_a,creator791@mail.example,vendor_a,finance,vendor_a
CR00795,Creator 795,vendor_a,BR,vendor_a,creator795@mail.example,vendor_a,tech,vendor_a
CR00799,creator 799,vendor_c,FR,vendor_b,creator799@mail.example,vendor_b,,
CR00805,Creator 805,vendor_b,US,vendor_b,creator805@mail.example,vendor_b,food,vendor_b
CR00806,Creator 806,vendor_a,JP,vendor_a,creator806@mail.example,vendor_a,comedy,vendor_a
CR00808,Creator 808,vendor_a,KR,vendor_a,creator808@mail.example,vendor_a,tech,vendor_a
CR00809,Creator 809,vendor_a,DE,vendor_a,creator809@mail.example,vendor_a,beauty,vendor_a
CR00810,Creator 810,vendor_a,CA,vendor_a,creator810@mail.example,vendor_a,tech,vendor_a
CR00811,Creator 811,vendor_a,MX,vendor_a,creator811@mail.example,vendor_a,food,vendor_a
CR00813,,,,,,,,
CR00817,Creator 817,vendor_a,FR,vendor_a,creator817@mail.example,vendor_a,beauty,vendor_a
CR00819,Creator 819,vendor_a,JP,vendor_a,creator819@mail.example,vendor_a,tech,vendor_a
CR00822,Creator 822,vendor_a,US,vendor_a,creator822@mail.example,vendor_a,gaming,vendor_a
CR00823,Creator 823,vendor_a,CA,vendor_a,creator823@mail.example,vendor_a,tech,vendor_a
CR00826,Creator 826,vendor_a,JP,vendor_a,creator826@mail.example,vendor_a,education,vendor_a
CR00827,creator 827,vendor_c,KR,vendor_c,creator827@mail.example,vendor_a,comedy,vendor_a
CR00828,Creator 828,vendor_a,JP,vendor_a,creator828@mail.example,vendor_a,travel,vendor_a
CR00829,Creator 829,vendor_b,US,vendor_b,creator829@mail.example,vendor_b,comedy,vendor_b
CR00830,Creator 830,vendor_a,GB,vendor_a,creator830@mail.example,vendor_a,fitness,vendor_a
CR00831,Creator 831,vendor_a,FR,vendor_a,creator831@mail.example,vendor_c,education,vendor_b
CR00832,Creator 832,vendor_a,MX,vendor_a,creator832@mail.example,vendor_a,gaming,vendor_a
CR00834,Creator 834,vendor_a,JP,vendor_a,creator834@mail.example,vendor_a,tech,vendor_a
CR00835,Creator 835,vendor_a,BR,vendor_a,creator835@mail.example,vendor_a,fitness,vendor_a
CR00836,Creator 836,vendor_a,GB,vendor_a,creator836@mail.example,vendor_a,travel,vendor_a
CR00837,Creator 837,vendor_b,BR,vendor_b,,,music,vendor_b
CR00839,Creator 839,vendor_a,CA,vendor_a,creator839@mail.example,vendor_a,music,vendor_a
CR00843,Creator 843,vendor_a,GB,vendor_a,creator843@mail.example,vendor_a,fitness,vendor_a
CR00844,Creator 844,vendor_a,MX,vendor_a,creator844@mail.example,vendor_a,fitness,vendor_a
CR00846,Creator 846,vendor_b,US,vendor_b,creator846@mail.example,vendor_c,comedy,vendor_b
CR00847,Creator 847,vendor_a,CA,vendor_a,creator847@mail.example,vendor_a,food,vendor_a
CR00848,Creator 848,vendor_a,BR,vendor_a,creator848@mail.example,vendor_a,fitness,vendor_a
CR00851,Creator 851,vendor_a,IN,vendor_a,creator851@mail.example,vendor_a,beauty,vendor_a
CR00855,Creator 855,vendor_a,FR,vendor_a,creator855@mail.example,vendor_a,tech,vendor_a
CR00856,Creator 856,vendor_a,GB,vendor_a,creator856@mail.example,vendor_b,fitness,vendor_a
CR00857,Creator 857,vendor_a,GB,vendor_a,creator857@mail.example,vendor_a,food,vendor_a
CR00858,Creator 858,vendor_a,GB,vendor_a,creator858@mail.example,vendor_a,fitness,vendor_a
CR00859,Creator 859,vendor_a,IN,vendor_a,creator859@mail.example,vendor_a,finance,vendor_a
CR00864,Creator 864,vendor_a,IN,vendor_a,creator864@mail.example,vendor_a,gaming,vendor_a
CR00865,Creator 865,vendor_a,BR,vendor_a,creator865@mail.example,vendor_a,beauty,vendor_a
CR00869,Creator 869,vendor_b,MX,vendor_b,creator869@mail.example,vendor_b,comedy,vendor_b
CR00872,Creator 872,vendor_a,IN,vendor_a,creator872@mail.example,vendor_a,tech,vendor_a
CR00873,Creator 873,vendor_a,DE,vendor_a,creator873@mail.example,vendor_a,education,vendor_a
CR00874,Creator 874,vendor_a,BR,vendor_a,creator874@mail.example,vendor_a,beauty,vendor_a
CR00875,Creator 875,vendor_a,JP,vendor_a,creator875@mail.example,vendor_a,gaming,vendor_a
CR00876,Creator 876,vendor_a,MX,vendor_a,creator876@mail.example,vendor_a,music,vendor_a
CR00878,Creator 878,vendor_a,MX,vendor_a,creator878@mail.example,vendor_a,fitness,vendor_a
CR00880,Creator 880,vendor_a,US,vendor_a,creator880@mail.example,vendor_a,food,vendor_a
CR00881,Creator 881,vendor_b,FR,vendor_b,creator881@mail.example,vendor_b,fitness,vendor_b
CR00882,Creator 882,vendor_a,IN,vendor_a,creator882@mail.example,vendor_a,finance,vendor_a
CR00883,Creator 883,vendor_a,US,vendor_a,creator883@mail.example,vendor_a,travel,vendor_a
CR00887,Creator 887,vendor_a,FR,vendor_a,creator887@mail.example,vendor_a,finance,vendor_a
CR00889,Creator 889,vendor_a,IN,vendor_a,creator889@mail.example,vendor_b,gaming,vendor_a
CR00891,Creator 891,vendor_a,FR,vendor_a,creator891@mail.example,vendor_a,comedy,vendor_a
CR00895,Creator 895,vendor_a,US,vendor_a,creator895@mail.example,vendor_b,beauty,vendor_a
CR00897,Creator 897,vendor_a,FR,vendor_a,creator897@mail.example,vendor_a,food,vendor_b
CR00899,Creator 899,vendor_a,FR,vendor_a,creator899@mail.example,vendor_a,music,vendor_a
CR00901,Creator 901,vendor_b,US,vendor_b,creator901@mail.example,vendor_b,gaming,vendor_b
CR00902,Creator 902,vendor_a,IN,vendor_a,creator902@mail.example,vendor_a,tech,vendor_a
CR00911,Creator 911,vendor_a,JP,vendor_a,creator911@mail.example,vendor_a,gaming,vendor_a
CR00914,Creator 914,vendor_a,IN,vendor_a,creator914@mail.example,vendor_b,food,vendor_a
CR00915,Creator 915,vendor_a,GB,vendor_a,creator915@mail.example,vendor_a,finance,vendor_a
CR00916,Creator 916,vendor_a,KR,vendor_a,creator916@mail.example,vendor_b,fitness,vendor_a
CR00919,Creator 919,vendor_a,CA,vendor_a,creator919@mail.example,vendor_a,tech,vendor_a
CR00923,Creator 923,vendor_b,US,vendor_b,creator923@mail.example,vendor_b,gaming,vendor_b
CR00924,Creator 924,vendor_a,KR,vendor_a,creator924@mail.example,vendor_a,beauty,vendor_a
CR00926,Creator 926,vendor_b,,,creator926@mail.example,vendor_b,tech,vendor_b
CR00927,Creator 927,vendor_a,US,vendor_a,creator927@mail.example,vendor_b,gaming,vendor_a
CR00928,Creator 928,vendor_a,BR,vendor_a,creator928@mail.example,vendor_a,finance,vendor_a
CR00931,Creator 931,vendor_a,CA,vendor_a,creator931@mail.example,vendor_a,comedy,vendor_a
CR00934,Creator 934,vendor_a,US,vendor_a,creator934@mail.example,vendor_a,beauty,vendor_a
CR00935,Creator 935,vendor_a,CA,vendor_a,creator935@mail.example,vendor_a,travel,vendor_a
CR00936,Creator 936,vendor_a,FR,vendor_a,creator936@mail.example,vendor_b,beauty,vendor_a
CR00937,Creator 937,vendor_a,JP,vendor_a,creator937@mail.example,vendor_a,fitness,vendor_b
CR00939,Creator 939,vendor_a,GB,vendor_a,creator939@mail.example,vendor_a,tech,vendor_a
CR00940,Creator 940,vendor_a,GB,vendor_a,creator940@mail.example,vendor_a,beauty,vendor_a
CR00942,Creator 942,vendor_a,DE,vendor_a,creator942@mail.example,vendor_a,education,vendor_a
CR00943,Creator 943,vendor_a,BR,vendor_a,creator943@mail.example,vendor_a,finance,vendor_a
CR00949,Creator 949,vendor_a,FR,vendor_a,creator949@mail.example,vendor_a,music,vendor_a
CR00952,Creator 952,vendor_b,JP,vendor_b,creator952@mail.example,vendor_b,finance,vendor_b
CR00953,Creator 953,vendor_a,CA,vendor_a,creator953@mail.example,vendor_a,food,vendor_a
CR00955,Creator 955,vendor_a,US,vendor_a,creator955@mail.example,vendor_a,fitness,vendor_a
CR00956,Creator 956,vendor_a,GB,vendor_a,creator956@mail.example,vendor_a,finance,vendor_a
CR00959,Creator 959,vendor_a,DE,vendor_a,creator959@mail.example,vendor_a,fitness,vendor_a
CR00962,Creator 962,vendor_a,MX,vendor_a,creator962@mail.example,vendor_a,music,vendor_a
CR00966,,,,,,,,
CR00967,Creator 967,vendor_a,FR,vendor_b,creator967@mail.example,vendor_a,music,vendor_a
CR00969,Creator 969,vendor_a,US,vendor_b,creator969@mail.example,vendor_a,travel,vendor_a
CR00970,Creator 970,vendor_b,JP,vendor_b,creator970@mail.example,vendor_b,travel,vendor_b
CR00971,Creator 971,vendor_a,BR,vendor_a,creator971@mail.example,vendor_a,music,vendor_a
CR00975,Creator 975,vendor_a,BR,vendor_a,creator975@mail.example,vendor_a,finance,vendor_a
CR00976,Creator 976,vendor_a,DE,vendor_a,creator976@mail.example,vendor_a,travel,vendor_a
CR00977,Creator 977,vendor_a,DE,vendor_a,creator977@mail.example,vendor_a,music,vendor_a
CR00978,Creator 978,vendor_a,JP,vendor_a,creator978@mail.example,vendor_a,comedy,vendor_a
CR00979,Creator 979,vendor_a,US,vendor_a,creator979@mail.example,vendor_a,gaming,vendor_a
CR00983,Creator 983,vendor_a,US,vendor_a,creator983@mail.example,vendor_a,travel,vendor_a
CR00985,Creator 985,vendor_a,US,vendor_a,,,music,vendor_a
CR00986,Creator 986,vendor_a,JP,vendor_a,creator986@mail.example,vendor_a,gaming,vendor_a
CR00987,Creator 987,vendor_a,GB,vendor_a,creator987@mail.example,vendor_a,travel,vendor_a
CR00990,Creator 990,vendor_a,BR,vendor_a,,,fitness,vendor_a
CR00991,Creator 991,vendor_a,GB,vendor_a,creator991@mail.example,vendor_a,beauty,vendor_a
CR00992,Creator 992,vendor_a,KR,vendor_a,creator992@mail.example,vendor_a,travel,vendor_a
CR00995,Creator 995,vendor_a,IN,vendor_a,creator995@mail.example,vendor_a,comedy,vendor_a
CR00998,,,,,,,,
CR00999,Creator 999,vendor_a,IN,vendor_a,creator999@mail.example,vendor_a,music,vendor_a
CR01000,Creator 1000,vendor_b,DE,vendor_b,,,music,vendor_b
CR01001,Creator 1001,vendor_a,IN,vendor_a,creator1001@mail.example,vendor_b,education,vendor_a
CR01003,Creator 1003,vendor_a,US,vendor_a,creator1003@mail.example,vendor_a,gaming,vendor_a
CR01004,Creator 1004,vendor_a,KR,vendor_a,creator1004@mail.example,vendor_a,gaming,vendor_a
CR01005,Creator 1005,vendor_a,GB,vendor_a,creator1005@mail.example,vendor_b,finance,vendor_a
CR01006,Creator 1006,vendor_b,US,vendor_b,,,tech,vendor_b
CR01008,Creator 1008,vendor_a,GB,vendor_a,creator1008@mail.example,vendor_a,tech,vendor_a
CR01009,Creator 1009,vendor_a,JP,vendor_a,creator1009@mail.example,vendor_b,comedy,vendor_a
CR01011,Creator 1011,vendor_a,FR,vendor_a,creator1011@mail.example,vendor_a,finance,vendor_b
CR01013,Creator 1013,vendor_a,FR,vendor_a,creator1013@mail.example,vendor_a,tech,vendor_a
CR01016,Creator 1016,vendor_a,JP,vendor_a,creator1016@mail.example,vendor_a,gaming,vendor_a
CR01017,Creator 1017,vendor_a,CA,vendor_a,creator1017@mail.example,vendor_a,music,vendor_a
CR01023,Creator 1023,vendor_a,DE,vendor_a,creator1023@mail.example,vendor_a,travel,vendor_a
CR01025,Creator 1025,vendor_b,JP,vendor_a,creator1025@mail.example,vendor_a,beauty,vendor_a
CR01029,Creator 1029,vendor_a,MX,vendor_a,creator1029@mail.example,vendor_a,tech,vendor_a
CR01030,Creator 1030,vendor_a,BR,vendor_a,creator1030@mail.example,vendor_a,beauty,vendor_b
CR01031,Creator 1031,vendor_a,FR,vendor_a,creator1031@mail.example,vendor_a,education,vendor_a
CR01034,Creator 1034,vendor_a,FR,vendor_a,creator1034@mail.example,vendor_a,fitness,vendor_a
CR01035,Creator 1035,vendor_a,GB,vendor_a,creator1035@mail.example,vendor_b,education,vendor_a
CR01037,Creator 1037,vendor_a,JP,vendor_a,creator1037@mail.example,vendor_a,comedy,vendor_a
CR01039,Creator 1039,vendor_a,MX,vendor_a,creator1039@mail.example,vendor_a,tech,vendor_a
CR01045,Creator 1045,vendor_a,IN,vendor_a,creator1045@mail.example,vendor_a,beauty,vendor_a
CR01046,Creator 1046,vendor_a,KR,vendor_a,creator1046@mail.example,vendor_a,comedy,vendor_a
CR01047,Creator 1047,vendor_a,GB,vendor_a,creator1047@mail.example,vendor_a,tech,vendor_a
CR01049,Creator 1049,vendor_a,GB,vendor_a,creator1049@mail.example,vendor_a,finance,vendor_a
CR01050,Creator 1050,vendor_a,FR,vendor_a,creator1050@mail.example,vendor_a,finance,vendor_a
CR01051,Creator 1051,vendor_c,JP,vendor_c,creator1051@mail.example,vendor_c,food,vendor_c
CR01053,Creator 1053,vendor_a,CA,vendor_a,creator1053@mail.example,vendor_a,food,vendor_a
CR01054,Creator 1054,vendor_a,BR,vendor_a,creator1054@mail.example,vendor_a,comedy,vendor_a
CR01055,Creator 1055,vendor_a,CA,vendor_a,creator1055@mail.example,vendor_a,travel,vendor_a
CR01056,Creator 1056,vendor_a,FR,vendor_a,creator1056@mail.example,vendor_a,education,vendor_a
CR01057,Creator 1057,vendor_a,JP,vendor_a,creator1057@mail.example,vendor_a,comedy,vendor_a
CR01059,Creator 1059,vendor_a,BR,vendor_a,creator1059@mail.example,vendor_a,finance,vendor_a
CR01061,Creator 1061,vendor_b,GB,vendor_a,creator1061@mail.example,vendor_a,education,vendor_a
CR01064,Creator 1064,vendor_b,IN,vendor_b,creator1064@mail.example,vendor_b,food,vendor_b
CR01065,Creator 1065,vendor_a,KR,vendor_a,creator1065@mail.example,vendor_a,travel,vendor_a
CR01071,Creator 1071,vendor_a,JP,vendor_a,creator1071@mail.example,vendor_a,finance,vendor_a
CR01073,Creator 1073,vendor_a,CA,vendor_a,creator1073@mail.example,vendor_a,gaming,vendor_a
CR01077,Creator 1077,vendor_a,IN,vendor_a,creator1077@mail.example,vendor_a,travel,vendor_a
CR01078,Creator 1078,vendor_a,KR,vendor_a,creator1078@mail.example,vendor_a,comedy,vendor_a
CR01079,Creator 1079,vendor_a,BR,vendor_a,creator1079@mail.example,vendor_b,travel,vendor_a
CR01081,Creator 1081,vendor_a,GB,vendor_a,creator1081@mail.example,vendor_a,tech,vendor_a
CR01084,Creator 1084,vendor_a,BR,vendor_a,creator1084@mail.example,vendor_a,tech,vendor_a
CR01085,Creator 1085,vendor_a,MX,vendor_a,creator1085@mail.example,vendor_b,gaming,vendor_a
CR01088,Creator 1088,vendor_a,GB,vendor_a,creator1088@mail.example,vendor_a,comedy,vendor_a
CR01091,Creator 1091,vendor_a,GB,vendor_a,creator1091@mail.example,vendor_a,travel,vendor_a
CR01092,Creator 1092,vendor_a,US,vendor_a,creator1092@mail.example,vendor_a,education,vendor_a
CR01093,Creator 1093,vendor_a,JP,vendor_a,creator1093@mail.example,vendor_a,gaming,vendor_a
CR01096,Creator 1096,vendor_a,DE,vendor_a,creator1096@mail.example,vendor_a,education,vendor_b
CR01100,,,GB,vendor_b,creator1100@mail.example,vendor_c,,
CR01101,Creator 1101,vendor_a,US,vendor_a,creator1101@mail.example,vendor_a,fitness,vendor_a
CR01102,Creator 1102,vendor_a,BR,vendor_a,creator1102@mail.example,vendor_b,music,vendor_a
CR01103,Creator 1103,vendor_a,KR,vendor_a,creator1103@mail.example,vendor_a,travel,vendor_a
CR01105,Creator 1105,vendor_a,BR,vendor_a,creator1105@mail.example,vendor_a,fitness,vendor_a
CR01106,Creator 1106,vendor_a,GB,vendor_a,creator1106@mail.example,vendor_a,food,vendor_a
CR01108,Creator 1108,vendor_a,MX,vendor_a,creator1108@mail.example,vendor_a,finance,vendor_a
CR01109,Creator 1109,vendor_a,CA,vendor_a,creator1109@mail.example,vendor_a,,
CR01111,Creator 1111,vendor_a,KR,vendor_a,,,beauty,vendor_a
CR01112,Creator 1112,vendor_a,IN,vendor_a,creator1112@mail.example,vendor_a,education,vendor_a
CR01118,Creator 1118,vendor_b,BR,vendor_b,creator1118@mail.example,vendor_c,music,vendor_b
CR01119,Creator 1119,vendor_a,US,vendor_a,creator1119@mail.example,vendor_a,comedy,vendor_a
CR01121,Creator 1121,vendor_a,DE,vendor_a,creator1121@mail.example,vendor_a,beauty,vendor_a
CR01127,Creator 1127,vendor_a,KR,vendor_a,creator1127@mail.example,vendor_b,tech,vendor_a
CR01129,Creator 1129,vendor_a,US,vendor_a,creator1129@mail.example,vendor_a,finance,vendor_b
CR01130,Creator 1130,vendor_a,DE,vendor_a,creator1130@mail.example,vendor_a,beauty,vendor_a
CR01132,Creator 1132,vendor_b,DE,vendor_b,,,education,vendor_b
CR01133,Creator 1133,vendor_a,CA,vendor_a,creator1133@mail.example,vendor_a,education,vendor_a
CR01134,Creator 1134,vendor_a,KR,vendor_a,creator1134@mail.example,vendor_a,tech,vendor_a
CR01136,Creator 1136,vendor_b,GB,vendor_b,creator1136@mail.example,vendor_b,tech,vendor_b
CR01138,Creator 1138,vendor_a,US,vendor_a,creator1138@mail.example,vendor_a,music,vendor_a
CR01140,Creator 1140,vendor_b,MX,vendor_b,creator1140@mail.example,vendor_b,,
CR01143,Creator 1143,vendor_a,FR,vendor_a,creator1143@mail.example,vendor_a,travel,vendor_a
CR01144,Creator 1144,vendor_a,GB,vendor_a,creator1144@mail.example,vendor_a,gaming,vendor_a
CR01145,Creator 1145,vendor_a,FR,vendor_a,creator1145@mail.example,vendor_a,education,vendor_a
CR01146,Creator 1146,vendor_c,MX,vendor_a,creator1146@mail.example,vendor_a,music,vendor_a
CR01147,Creator 1147,vendor_a,CA,vendor_a,creator1147@mail.example,vendor_b,education,vendor_a
CR01148,Creator 1148,vendor_a,MX,vendor_b,creator1148@mail.example,vendor_a,tech,vendor_a
CR01151,Creator 1151,vendor_a,FR,vendor_a,creator1151@mail.example,vendor_a,tech,vendor_a
CR01152,Creator 1152,vendor_b,IN,vendor_b,creator1152@mail.example,vendor_b,fitness,vendor_b
CR01156,Creator 1156,vendor_a,FR,vendor_a,creator1156@mail.example,vendor_a,finance,vendor_a
CR01160,Creator 1160,vendor_a,DE,vendor_a,creator1160@mail.example,vendor_a,travel,vendor_a
CR01161,Creator 1161,vendor_a,FR,vendor_a,creator1161@mail.example,vendor_a,finance,vendor_a
CR01165,Creator 1165,vendor_a,BR,vendor_a,creator1165@mail.example,vendor_a,music,vendor_a
CR01168,Creator 1168,vendor_a,BR,vendor_a,creator1168@mail.example,vendor_a,gaming,vendor_a
CR01172,Creator 1172,vendor_a,FR,vendor_a,creator1172@mail.example,vendor_a,tech,vendor_a
CR01174,Creator 1174,vendor_a,GB,vendor_a,creator1174@mail.example,vendor_a,tech,vendor_a
CR01175,Creator 1175,vendor_a,FR,vendor_a,creator1175@mail.example,vendor_a,comedy,vendor_a
CR01178,Creator 1178,vendor_a,JP,vendor_a,creator1178@mail.example,vendor_a,comedy,vendor_a
CR01179,Creator 1179,vendor_a,CA,vendor_a,creator1179@mail.example,vendor_a,comedy,vendor_a
CR01181,Creator 1181,vendor_a,US,vendor_a,creator1181@mail.example,vendor_a,music,vendor_a
CR01184,Creator 1184,vendor_a,CA,vendor_a,creator1184@mail.example,vendor_a,gaming,vendor_a
CR01187,Creator 1187,vendor_a,KR,vendor_a,creator1187@mail.example,vendor_a,education,vendor_a
CR01189,Creator 1189,vendor_b,DE,vendor_a,creator1189@mail.example,vendor_b,beauty,vendor_b
CR01190,Creator 1190,vendor_a,MX,vendor_a,creator1190@mail.example,vendor_a,comedy,vendor_a
CR01191,Creator 1191,vendor_b,CA,vendor_b,creator1191@mail.example,vendor_b,food,vendor_b
CR01193,Creator 1193,vendor_a,DE,vendor_a,creator1193@mail.example,vendor_a,music,vendor_a
CR01194,Creator 1194,vendor_a,IN,vendor_a,creator1194@mail.example,vendor_b,travel,vendor_a
CR01199,Creator 1199,vendor_a,GB,vendor_a,creator1199@mail.example,vendor_b,fitness,vendor_a
CR01200,Creator 1200,vendor_a,FR,vendor_a,creator1200@mail.example,vendor_a,food,vendor_a
CR01201,Creator 1201,vendor_a,JP,vendor_a,creator1201@mail.example,vendor_a,music,vendor_a
CR01204,Creator 1204,vendor_a,CA,vendor_a,creator1204@mail.example,vendor_b,education,vendor_b
CR01205,Creator 1205,vendor_a,US,vendor_a,,,finance,vendor_a
CR01207,Creator 1207,vendor_a,DE,vendor_a,creator1207@mail.example,vendor_a,travel,vendor_a
CR01208,Creator 1208,vendor_a,US,vendor_a,creator1208@mail.example,vendor_a,comedy,vendor_a
CR01211,Creator 1211,vendor_a,GB,vendor_a,creator1211@mail.example,vendor_a,travel,vendor_a
CR01213,Creator 1213,vendor_a,CA,vendor_a,creator1213@mail.example,vendor_a,travel,vendor_a
CR01215,Creator 1215,vendor_a,KR,vendor_a,creator1215@mail.example,vendor_a,tech,vendor_a
CR01217,Creator 1217,vendor_a,KR,vendor_a,creator1217@mail.example,vendor_a,fitness,vendor_a
CR01218,Creator 1218,vendor_a,BR,vendor_a,creator1218@mail.example,vendor_a,beauty,vendor_a
CR01219,Creator 1219,vendor_a,JP,vendor_a,creator1219@mail.example,vendor_a,tech,vendor_a
CR01220,Creator 1220,vendor_b,CA,vendor_b,creator1220@mail.example,vendor_b,travel,vendor_c
CR01222,Creator 1222,vendor_a,BR,vendor_a,creator1222@mail.example,vendor_a,music,vendor_a
CR01223,Creator 1223,vendor_b,US,vendor_b,creator1223@mail.example,vendor_b,fitness,vendor_b
CR01224,Creator 1224,vendor_a,FR,vendor_a,creator1224@mail.example,vendor_a,comedy,vendor_a
CR01227,,,,,,,,
CR01228,Creator 1228,vendor_a,DE,vendor_a,creator1228@mail.example,vendor_a,comedy,vendor_a
CR01229,Creator 1229,vendor_a,GB,vendor_a,creator1229@mail.example,vendor_a,food,vendor_a
CR01230,Creator 1230,vendor_a,CA,vendor_a,creator1230@mail.example,vendor_a,music,vendor_a
CR01231,Creator 1231,vendor_a,BR,vendor_a,creator1231@mail.example,vendor_a,fitness,vendor_a
CR01233,Creator 1233,vendor_a,US,vendor_a,creator1233@mail.example,vendor_b,finance,vendor_a
CR01235,Creator 1235,vendor_c,US,vendor_a,creator1235@mail.example,vendor_a,beauty,vendor_a
CR01236,Creator 1236,vendor_a,DE,vendor_a,creator1236@mail.example,vendor_b,travel,vendor_b
CR01239,Creator 1239,vendor_a,KR,vendor_a,creator1239@mail.example,vendor_a,music,vendor_a
CR01240,Creator 1240,vendor_a,JP,vendor_a,creator1240@mail.example,vendor_a,gaming,vendor_a
CR01241,Creator 1241,vendor_a,MX,vendor_a,creator1241@mail.example,vendor_a,gaming,vendor_b
CR01243,Creator 1243,vendor_a,FR,vendor_a,creator1243@mail.example,vendor_a,comedy,vendor_a
CR01246,Creator 1246,vendor_b,BR,vendor_b,creator1246@mail.example,vendor_b,music,vendor_b
CR01247,Creator 1247,vendor_a,FR,vendor_a,creator1247@mail.example,vendor_a,beauty,vendor_a
CR01248,Creator 1248,vendor_a,FR,vendor_a,creator1248@mail.example,vendor_a,finance,vendor_a
CR01249,Creator 1249,vendor_a,DE,vendor_a,creator1249@mail.example,vendor_a,gaming,vendor_a
CR01253,Creator 1253,vendor_a,CA,vendor_a,creator1253@mail.example,vendor_a,education,vendor_a
CR01254,Creator 1254,vendor_a,US,vendor_a,creator1254@mail.example,vendor_a,comedy,vendor_a
CR01255,Creator 1255,vendor_a,US,vendor_a,creator1255@mail.example,vendor_a,finance,vendor_a
CR01257,Creator 1257,vendor_a,JP,vendor_a,creator1257@mail.example,vendor_b,comedy,vendor_a
CR01263,,,,,,,,
CR01266,Creator 1266,vendor_a,GB,vendor_a,creator1266@mail.example,vendor_a,fitness,vendor_a
CR01268,Creator 1268,vendor_a,CA,vendor_a,creator1268@mail.example,vendor_a,comedy,vendor_a
CR01269,Creator 1269,vendor_a,DE,vendor_a,creator1269@mail.example,vendor_a,beauty,vendor_a
CR01270,Creator 1270,vendor_a,FR,vendor_a,creator1270@mail.example,vendor_a,gaming,vendor_a
CR01274,Creator 1274,vendor_a,MX,vendor_a,creator1274@mail.example,vendor_a,comedy,vendor_a
CR01276,Creator 1276,vendor_b,US,vendor_b,creator1276@mail.example,vendor_b,education,vendor_b
CR01280,Creator 1280,vendor_a,DE,vendor_a,creator1280@mail.example,vendor_a,gaming,vendor_a
CR01283,Creator 1283,vendor_a,US,vendor_a,creator1283@mail.example,vendor_a,fitness,vendor_a
CR01284,Creator 1284,vendor_a,MX,vendor_a,creator1284@mail.example,vendor_a,food,vendor_a
CR01285,Creator 1285,vendor_a,FR,vendor_a,creator1285@mail.example,vendor_a,travel,vendor_a
CR01287,Creator 1287,vendor_a,US,vendor_a,creator1287@mail.example,vendor_a,fitness,vendor_a
CR01290,Creator 1290,vendor_a,GB,vendor_a,creator1290@mail.example,vendor_a,beauty,vendor_a
CR01291,Creator 1291,vendor_a,BR,vendor_a,creator1291@mail.example,vendor_a,finance,vendor_a
CR01292,Creator 1292,vendor_a,CA,vendor_a,creator1292@mail.example,vendor_a,beauty,vendor_a
CR01295,Creator 1295,vendor_a,CA,vendor_a,creator1295@mail.example,vendor_a,education,vendor_a
CR01296,Creator 1296,vendor_a,BR,vendor_a,creator1296@mail.example,vendor_a,finance,vendor_a
CR01297,Creator 1297,vendor_a,GB,vendor_a,creator1297@mail.example,vendor_a,music,vendor_a
CR01298,Creator 1298,vendor_a,DE,vendor_a,creator1298@mail.example,vendor_a,gaming,vendor_a
CR01300,Creator 1300,vendor_a,IN,vendor_a,creator1300@mail.example,vendor_a,food,vendor_a
CR01302,Creator 1302,vendor_a,DE,vendor_a,creator1302@mail.example,vendor_a,finance,vendor_a
CR01303,Creator 1303,vendor_a,KR,vendor_a,creator1303@mail.example,vendor_b,gaming,vendor_a
CR01305,Creator 1305,vendor_a,JP,vendor_a,creator1305@mail.example,vendor_a,gaming,vendor_a
CR01307,Creator 1307,vendor_a,IN,vendor_a,creator1307@mail.example,vendor_a,food,vendor_a
CR01309,Creator 1309,vendor_a,JP,vendor_a,creator1309@mail.example,vendor_a,food,vendor_a
CR01312,Creator 1312,vendor_a,IN,vendor_a,creator1312@mail.example,vendor_a,finance,vendor_a
CR01313,Creator 1313,vendor_a,KR,vendor_a,creator1313@mail.example,vendor_a,fitness,vendor_a
CR01314,Creator 1314,vendor_a,MX,vendor_a,creator1314@mail.example,vendor_a,travel,vendor_a
CR01316,Creator 1316,vendor_b,DE,vendor_b,creator1316@mail.example,vendor_b,education,vendor_b
CR01321,Creator 1321,vendor_a,FR,vendor_a,,,education,vendor_a
CR01322,Creator 1322,vendor_a,CA,vendor_a,creator1322@mail.example,vendor_a,beauty,vendor_a
CR01323,Creator 1323,vendor_a,IN,vendor_a,creator1323@mail.example,vendor_a,food,vendor_a
CR01324,Creator 1324,vendor_a,DE,vendor_a,creator1324@mail.example,vendor_a,music,vendor_a
CR01325,Creator 1325,vendor_a,FR,vendor_a,creator1325@mail.example,vendor_a,finance,vendor_a
CR01327,Creator 1327,vendor_a,IN,vendor_a,creator1327@mail.example,vendor_a,music,vendor_a
CR01329,Creator 1329,vendor_b,MX,vendor_b,creator1329@mail.example,vendor_b,music,vendor_b
CR01332,Creator 1332,vendor_c,JP,vendor_c,,,food,vendor_c
CR01334,Creator 1334,vendor_a,MX,vendor_a,creator1334@mail.example,vendor_a,fitness,vendor_a
CR01337,Creator 1337,vendor_a,IN,vendor_a,creator1337@mail.example,vendor_a,music,vendor_a
CR01341,Creator 1341,vendor_a,IN,vendor_a,creator1341@mail.example,vendor_a,music,vendor_a
CR01342,Creator 1342,vendor_a,FR,vendor_a,creator1342@mail.example,vendor_a,comedy,vendor_a
CR01343,Creator 1343,vendor_a,DE,vendor_a,creator1343@mail.example,vendor_a,travel,vendor_a
CR01345,Creator 1345,vendor_b,CA,vendor_b,creator1345@mail.example,vendor_b,travel,vendor_b
CR01347,Creator 1347,vendor_a,DE,vendor_a,creator1347@mail.example,vendor_a,music,vendor_a
CR01349,Creator 1349,vendor_a,JP,vendor_a,creator1349@mail.example,vendor_a,music,vendor_a
CR01350,Creator 1350,vendor_a,BR,vendor_a,creator1350@mail.example,vendor_a,beauty,vendor_a
CR01352,Creator 1352,vendor_a,KR,vendor_a,creator1352@mail.example,vendor_a,music,vendor_a
CR01354,Creator 1354,vendor_a,IN,vendor_b,creator1354@mail.example,vendor_a,comedy,vendor_a
CR01355,Creator 1355,vendor_a,MX,vendor_a,creator1355@mail.example,vendor_a,food,vendor_a
CR01356,Creator 1356,vendor_a,IN,vendor_a,creator1356@mail.example,vendor_a,music,vendor_a
CR01359,Creator 1359,vendor_b,DE,vendor_b,creator1359@mail.example,vendor_b,tech,vendor_b
CR01361,Creator 1361,vendor_a,US,vendor_a,creator1361@mail.example,vendor_a,food,vendor_a
CR01362,Creator 1362,vendor_a,BR,vendor_a,creator1362@mail.example,vendor_a,music,vendor_a
CR01364,Creator 1364,vendor_b,IN,vendor_b,,,tech,vendor_b
CR01365,Creator 1365,vendor_a,KR,vendor_a,creator1365@mail.example,vendor_a,gaming,vendor_c
CR01367,Creator 1367,vendor_a,FR,vendor_a,creator1367@mail.example,vendor_a,fitness,vendor_a
CR01371,Creator 1371,vendor_a,CA,vendor_a,creator1371@mail.example,vendor_a,food,vendor_a
CR01373,Creator 1373,vendor_a,BR,vendor_a,creator1373@mail.example,vendor_a,comedy,vendor_a
CR01374,Creator 1374,vendor_b,KR,vendor_b,creator1374@mail.example,vendor_c,fitness,vendor_b
CR01376,Creator 1376,vendor_a,US,vendor_a,creator1376@mail.example,vendor_a,education,vendor_a
CR01381,Creator 1381,vendor_a,IN,vendor_a,creator1381@mail.example,vendor_a,travel,vendor_a
CR01383,Creator 1383,vendor_a,MX,vendor_a,creator1383@mail.example,vendor_a,music,vendor_a
CR01384,Creator 1384,vendor_a,DE,vendor_a,creator1384@mail.example,vendor_a,music,vendor_a
CR01386,Creator 1386,vendor_a,BR,vendor_a,creator1386@mail.example,vendor_a,food,vendor_a
CR01387,Creator 1387,vendor_a,FR,vendor_a,creator1387@mail.example,vendor_a,tech,vendor_a
CR01393,Creator 1393,vendor_a,DE,vendor_a,creator1393@mail.example,vendor_a,fitness,vendor_a
CR01394,Creator 1394,vendor_b,KR,vendor_b,creator1394@mail.example,vendor_b,tech,vendor_b
CR01395,Creator 1395,vendor_a,JP,vendor_b,creator1395@mail.example,vendor_a,finance,vendor_a
CR01396,Creator 1396,vendor_b,CA,vendor_b,,,,
CR01397,Creator 1397,vendor_b,CA,vendor_b,creator1397@mail.example,vendor_b,finance,vendor_b
CR01398,Creator 1398,vendor_a,US,vendor_a,creator1398@mail.example,vendor_a,travel,vendor_a
CR01399,Creator 1399,vendor_a,BR,vendor_a,creator1399@mail.example,vendor_a,comedy,vendor_a
CR01402,Creator 1402,vendor_a,GB,vendor_a,creator1402@mail.example,vendor_b,finance,vendor_a
CR01406,Creator 1406,vendor_a,FR,vendor_a,creator1406@mail.example,vendor_a,beauty,vendor_a
CR01408,Creator 1408,vendor_a,US,vendor_a,creator1408@mail.example,vendor_a,beauty,vendor_a
CR01409,Creator 1409,vendor_a,US,vendor_a,creator1409@mail.example,vendor_a,comedy,vendor_a
CR01412,Creator 1412,vendor_b,KR,vendor_b,creator1412@mail.example,vendor_b,gaming,vendor_b
CR01415,Creator 1415,vendor_a,KR,vendor_a,creator1415@mail.example,vendor_a,tech,vendor_a
CR01419,Creator 1419,vendor_a,CA,vendor_a,creator1419@mail.example,vendor_a,fitness,vendor_a
CR01421,Creator 1421,vendor_b,US,vendor_b,,,travel,vendor_b
CR01424,Creator 1424,vendor_a,US,vendor_a,creator1424@mail.example,vendor_a,beauty,vendor_a
CR01427,Creator 1427,vendor_a,BR,vendor_a,creator1427@mail.example,vendor_a,comedy,vendor_a
CR01429,Creator 1429,vendor_a,US,vendor_a,creator1429@mail.example,vendor_a,food,vendor_a
CR01432,Creator 1432,vendor_a,KR,vendor_a,creator1432@mail.example,vendor_a,beauty,vendor_a
CR01436,Creator 1436,vendor_a,FR,vendor_a,creator1436@mail.example,vendor_a,music,vendor_a
CR01437,Creator 1437,vendor_a,BR,vendor_a,creator1437@mail.example,vendor_a,tech,vendor_a
CR01438,Creator 1438,vendor_a,MX,vendor_a,creator1438@mail.example,vendor_a,travel,vendor_a
CR01442,Creator 1442,vendor_b,KR,vendor_b,creator1442@mail.example,vendor_b,tech,vendor_b
CR01447,Creator 1447,vendor_a,IN,vendor_a,creator1447@mail.example,vendor_a,music,vendor_a
CR01448,Creator 1448,vendor_a,US,vendor_a,creator1448@mail.example,vendor_a,gaming,vendor_a
CR01449,Creator 1449,vendor_a,JP,vendor_a,creator1449@mail.example,vendor_a,education,vendor_a
CR01452,Creator 1452,vendor_a,FR,vendor_a,,,travel,vendor_a
CR01454,Creator 1454,vendor_a,JP,vendor_a,creator1454@mail.example,vendor_a,fitness,vendor_a
CR01455,Creator 1455,vendor_a,GB,vendor_a,creator1455@mail.example,vendor_a,tech,vendor_a
CR01458,Creator 1458,vendor_a,BR,vendor_a,creator1458@mail.example,vendor_a,finance,vendor_a
CR01461,Creator 1461,vendor_a,BR,vendor_a,creator1461@mail.example,vendor_a,music,vendor_a
CR01462,Creator 1462,vendor_a,US,vendor_a,creator1462@mail.example,vendor_a,gaming,vendor_a
CR01463,Creator 1463,vendor_a,GB,vendor_a,creator1463@mail.example,vendor_a,finance,vendor_a
CR01469,Creator 1469,vendor_a,FR,vendor_a,creator1469@mail.example,vendor_a,music,vendor_a
CR01470,Creator 1470,vendor_a,MX,vendor_a,creator1470@mail.example,vendor_a,gaming,vendor_a
CR01472,Creator 1472,vendor_a,IN,vendor_a,creator1472@mail.example,vendor_a,tech,vendor_a
CR01474,Creator 1474,vendor_a,GB,vendor_a,creator1474@mail.example,vendor_a,finance,vendor_a
CR01475,Creator 1475,vendor_b,MX,vendor_b,creator1475@mail.example,vendor_b,food,vendor_b
CR01477,Creator 1477,vendor_a,CA,vendor_a,creator1477@mail.example,vendor_a,education,vendor_a
CR01478,Creator 1478,vendor_a,IN,vendor_a,creator1478@mail.example,vendor_a,comedy,vendor_a
CR01479,Creator 1479,vendor_a,BR,vendor_a,creator1479@mail.example,vendor_a,tech,vendor_a
CR01481,Creator 1481,vendor_a,CA,vendor_a,creator1481@mail.example,vendor_a,finance,vendor_a
CR01482,Creator 1482,vendor_a,DE,vendor_a,creator1482@mail.example,vendor_a,travel,vendor_a
CR01483,Creator 1483,vendor_a,BR,vendor_a,creator1483@mail.example,vendor_a,gaming,vendor_a
CR01484,Creator 1484,vendor_b,FR,vendor_b,creator1484@mail.example,vendor_b,beauty,vendor_b
CR01485,Creator 1485,vendor_a,DE,vendor_a,creator1485@mail.example,vendor_a,tech,vendor_a
CR01486,Creator 1486,vendor_a,KR,vendor_a,creator1486@mail.example,vendor_a,gaming,vendor_a
CR01489,Creator 1489,vendor_a,MX,vendor_a,creator1489@mail.example,vendor_a,gaming,vendor_a
CR01490,Creator 1490,vendor_a,JP,vendor_a,creator1490@mail.example,vendor_a,food,vendor_a
CR01492,Creator 1492,vendor_a,MX,vendor_a,creator1492@mail.example,vendor_a,gaming,vendor_a
CR01495,Creator 1495,vendor_a,FR,vendor_a,creator1495@mail.example,vendor_a,travel,vendor_a
